,well,compound,concentration,gene,group,AUC,file
1,B1,Cinobufagin,0.05,Bul_1,DRcurve,5826.906774,Data 05-10-24 1.txt
2,B2,Cinobufagin,0.05,Bul_1,DRcurve,8084.707588,Data 05-10-24 1.txt
3,B3,Cinobufagin,0.05,Bul_1,DRcurve,6469.159546,Data 05-10-24 1.txt
4,B4,Cinobufagin,0.05,Bul_1,DRcurve,7186.723972,Data 05-10-24 1.txt
5,B5,Cinobufagin,0.05,Bul_1,DRcurve,7639.642628,Data 05-10-24 1.txt
6,B6,Cinobufagin,0.05,Bul_1,DRcurve,6622.069915,Data 05-10-24 1.txt
7,C1,Cinobufagin,0.025,Bul_1,DRcurve,6807.27813,Data 05-10-24 1.txt
8,C2,Cinobufagin,0.025,Bul_1,DRcurve,6652.003144,Data 05-10-24 1.txt
9,C3,Cinobufagin,0.025,Bul_1,DRcurve,5709.452549,Data 05-10-24 1.txt
10,C4,Cinobufagin,0.025,Bul_1,DRcurve,6094.18516,Data 05-10-24 1.txt
11,C5,Cinobufagin,0.025,Bul_1,DRcurve,4825.456438,Data 05-10-24 1.txt
12,C6,Cinobufagin,0.025,Bul_1,DRcurve,4736.749556,Data 05-10-24 1.txt
13,D1,Cinobufagin,0.0125,Bul_1,DRcurve,5281.638922,Data 05-10-24 1.txt
14,D2,Cinobufagin,0.0125,Bul_1,DRcurve,5851.526412,Data 05-10-24 1.txt
15,D3,Cinobufagin,0.0125,Bul_1,DRcurve,4079.892056,Data 05-10-24 1.txt
16,D4,Cinobufagin,0.0125,Bul_1,DRcurve,5314.496838,Data 05-10-24 1.txt
17,D5,Cinobufagin,0.0125,Bul_1,DRcurve,6934.1796,Data 05-10-24 1.txt
18,D6,Cinobufagin,0.0125,Bul_1,DRcurve,3544.711145,Data 05-10-24 1.txt
19,E1,Cinobufagin,0.00625,Bul_1,DRcurve,5832.212459,Data 05-10-24 1.txt
20,E2,Cinobufagin,0.00625,Bul_1,DRcurve,4819.952523,Data 05-10-24 1.txt
21,E3,Cinobufagin,0.00625,Bul_1,DRcurve,4564.289117,Data 05-10-24 1.txt
22,E4,Cinobufagin,0.00625,Bul_1,DRcurve,4174.206646,Data 05-10-24 1.txt
23,E5,Cinobufagin,0.00625,Bul_1,DRcurve,3455.688075,Data 05-10-24 1.txt
24,E6,Cinobufagin,0.00625,Bul_1,DRcurve,3333.931246,Data 05-10-24 1.txt
25,F1,Cinobufagin,0.003125,Bul_1,DRcurve,5892.545708,Data 05-10-24 1.txt
26,F2,Cinobufagin,0.003125,Bul_1,DRcurve,5247.644833,Data 05-10-24 1.txt
27,F3,Cinobufagin,0.003125,Bul_1,DRcurve,3881.880266,Data 05-10-24 1.txt
28,F4,Cinobufagin,0.003125,Bul_1,DRcurve,4934.383624,Data 05-10-24 1.txt
29,F5,Cinobufagin,0.003125,Bul_1,DRcurve,3771.645312,Data 05-10-24 1.txt
30,F6,Cinobufagin,0.003125,Bul_1,DRcurve,4517.34864,Data 05-10-24 1.txt
31,G1,Cinobufagin,0.0015625,Bul_1,DRcurve,6051.132099,Data 05-10-24 1.txt
32,G2,Cinobufagin,0.0015625,Bul_1,DRcurve,4695.658449,Data 05-10-24 1.txt
33,G3,Cinobufagin,0.0015625,Bul_1,DRcurve,3615.271912,Data 05-10-24 1.txt
34,G4,Cinobufagin,0.0015625,Bul_1,DRcurve,5413.336896,Data 05-10-24 1.txt
35,G5,Cinobufagin,0.0015625,Bul_1,DRcurve,3493.313959,Data 05-10-24 1.txt
36,G6,Cinobufagin,0.0015625,Bul_1,DRcurve,3802.416883,Data 05-10-24 1.txt
37,H1,Cinobufagin,0.000195313,Bul_1,DRcurve,4792.50689,Data 05-10-24 1.txt
38,H2,Cinobufagin,0.000195313,Bul_1,DRcurve,3241.479635,Data 05-10-24 1.txt
39,H3,Cinobufagin,0.000195313,Bul_1,DRcurve,4173.447273,Data 05-10-24 1.txt
40,H4,Cinobufagin,0.000195313,Bul_1,DRcurve,3666.931771,Data 05-10-24 1.txt
41,H5,Cinobufagin,0.000195313,Bul_1,DRcurve,2818.050858,Data 05-10-24 1.txt
42,H6,Cinobufagin,0.000195313,Bul_1,DRcurve,3085.473606,Data 05-10-24 1.txt
43,B10,AflatoxinB1,0.05,Can_4,DRcurve,7287.518349,Data 05-16-24 1.txt
44,B11,AflatoxinB1,0.05,Can_4,DRcurve,9771.222735,Data 05-16-24 1.txt
45,B12,AflatoxinB1,0.05,Can_4,DRcurve,4797.322203,Data 05-16-24 1.txt
46,B7,AflatoxinB1,0.05,Can_4,DRcurve,6704.886876,Data 05-16-24 1.txt
47,B8,AflatoxinB1,0.05,Can_4,DRcurve,8837.177594,Data 05-16-24 1.txt
48,B9,AflatoxinB1,0.05,Can_4,DRcurve,8065.864914,Data 05-16-24 1.txt
49,C10,AflatoxinB1,0.025,Can_4,DRcurve,7230.166645,Data 05-16-24 1.txt
50,C11,AflatoxinB1,0.025,Can_4,DRcurve,7195.230914,Data 05-16-24 1.txt
51,C12,AflatoxinB1,0.025,Can_4,DRcurve,4759.646549,Data 05-16-24 1.txt
52,C7,AflatoxinB1,0.025,Can_4,DRcurve,5146.658924,Data 05-16-24 1.txt
53,C8,AflatoxinB1,0.025,Can_4,DRcurve,6227.686615,Data 05-16-24 1.txt
54,C9,AflatoxinB1,0.025,Can_4,DRcurve,8253.255567,Data 05-16-24 1.txt
55,D10,AflatoxinB1,0.0125,Can_4,DRcurve,5593.222523,Data 05-16-24 1.txt
56,D11,AflatoxinB1,0.0125,Can_4,DRcurve,5825.094286,Data 05-16-24 1.txt
57,D12,AflatoxinB1,0.0125,Can_4,DRcurve,4828.991453,Data 05-16-24 1.txt
58,D7,AflatoxinB1,0.0125,Can_4,DRcurve,6199.501741,Data 05-16-24 1.txt
59,D8,AflatoxinB1,0.0125,Can_4,DRcurve,5794.144947,Data 05-16-24 1.txt
60,D9,AflatoxinB1,0.0125,Can_4,DRcurve,5731.974576,Data 05-16-24 1.txt
61,E10,AflatoxinB1,0.00625,Can_4,DRcurve,5828.46602,Data 05-16-24 1.txt
62,E11,AflatoxinB1,0.00625,Can_4,DRcurve,4466.72635,Data 05-16-24 1.txt
63,E12,AflatoxinB1,0.00625,Can_4,DRcurve,4499.331312,Data 05-16-24 1.txt
64,E7,AflatoxinB1,0.00625,Can_4,DRcurve,5739.877232,Data 05-16-24 1.txt
65,E8,AflatoxinB1,0.00625,Can_4,DRcurve,6397.439699,Data 05-16-24 1.txt
66,E9,AflatoxinB1,0.00625,Can_4,DRcurve,5923.132053,Data 05-16-24 1.txt
67,F10,AflatoxinB1,0.003125,Can_4,DRcurve,5191.324795,Data 05-16-24 1.txt
68,F11,AflatoxinB1,0.003125,Can_4,DRcurve,6111.693819,Data 05-16-24 1.txt
69,F12,AflatoxinB1,0.003125,Can_4,DRcurve,4041.392977,Data 05-16-24 1.txt
70,F7,AflatoxinB1,0.003125,Can_4,DRcurve,4589.396432,Data 05-16-24 1.txt
71,F8,AflatoxinB1,0.003125,Can_4,DRcurve,6176.749427,Data 05-16-24 1.txt
72,F9,AflatoxinB1,0.003125,Can_4,DRcurve,6618.155198,Data 05-16-24 1.txt
73,G10,AflatoxinB1,0.0015625,Can_4,DRcurve,5462.989052,Data 05-16-24 1.txt
74,G11,AflatoxinB1,0.0015625,Can_4,DRcurve,4618.695916,Data 05-16-24 1.txt
75,G12,AflatoxinB1,0.0015625,Can_4,DRcurve,3733.568537,Data 05-16-24 1.txt
76,G7,AflatoxinB1,0.0015625,Can_4,DRcurve,3884.411872,Data 05-16-24 1.txt
77,G8,AflatoxinB1,0.0015625,Can_4,DRcurve,4640.32781,Data 05-16-24 1.txt
78,G9,AflatoxinB1,0.0015625,Can_4,DRcurve,5881.958248,Data 05-16-24 1.txt
79,H10,AflatoxinB1,0.000195313,Can_4,DRcurve,4116.178592,Data 05-16-24 1.txt
80,H11,AflatoxinB1,0.000195313,Can_4,DRcurve,5063.96842,Data 05-16-24 1.txt
81,H12,AflatoxinB1,0.000195313,Can_4,DRcurve,3484.191855,Data 05-16-24 1.txt
82,H7,AflatoxinB1,0.000195313,Can_4,DRcurve,5964.930844,Data 05-16-24 1.txt
83,H8,AflatoxinB1,0.000195313,Can_4,DRcurve,4657.2261,Data 05-16-24 1.txt
84,H9,AflatoxinB1,0.000195313,Can_4,DRcurve,5587.725958,Data 05-16-24 1.txt
85,B4,Marinobufagenin,0.05,Can_1,DRcurve,8012.241655,Data 10-17-23 2.txt
86,B5,Marinobufagenin,0.05,Can_1,DRcurve,7229.724342,Data 10-17-23 2.txt
87,B6,Marinobufagenin,0.05,Can_1,DRcurve,7947.524261,Data 10-17-23 2.txt
88,C4,Marinobufagenin,0.025,Can_1,DRcurve,8139.123506,Data 10-17-23 2.txt
89,C5,Marinobufagenin,0.025,Can_1,DRcurve,6649.920268,Data 10-17-23 2.txt
90,C6,Marinobufagenin,0.025,Can_1,DRcurve,6231.79113,Data 10-17-23 2.txt
91,D4,Marinobufagenin,0.0125,Can_1,DRcurve,5467.299863,Data 10-17-23 2.txt
92,D5,Marinobufagenin,0.0125,Can_1,DRcurve,5736.944683,Data 10-17-23 2.txt
93,D6,Marinobufagenin,0.0125,Can_1,DRcurve,4942.265551,Data 10-17-23 2.txt
94,E4,Marinobufagenin,0.00625,Can_1,DRcurve,4305.278504,Data 10-17-23 2.txt
95,E5,Marinobufagenin,0.00625,Can_1,DRcurve,4408.82056,Data 10-17-23 2.txt
96,E6,Marinobufagenin,0.00625,Can_1,DRcurve,4136.770575,Data 10-17-23 2.txt
97,F4,Marinobufagenin,0.003125,Can_1,DRcurve,3181.328031,Data 10-17-23 2.txt
98,F5,Marinobufagenin,0.003125,Can_1,DRcurve,3492.755873,Data 10-17-23 2.txt
99,F6,Marinobufagenin,0.003125,Can_1,DRcurve,3142.616065,Data 10-17-23 2.txt
100,G4,Marinobufagenin,0.0015625,Can_1,DRcurve,2773.302031,Data 10-17-23 2.txt
101,G5,Marinobufagenin,0.0015625,Can_1,DRcurve,2040.837237,Data 10-17-23 2.txt
102,G6,Marinobufagenin,0.0015625,Can_1,DRcurve,2747.848262,Data 10-17-23 2.txt
103,H4,Marinobufagenin,0.000195313,Can_1,DRcurve,2372.205822,Data 10-17-23 2.txt
104,H5,Marinobufagenin,0.000195313,Can_1,DRcurve,1706.319617,Data 10-17-23 2.txt
105,H6,Marinobufagenin,0.000195313,Can_1,DRcurve,2429.290391,Data 10-17-23 2.txt
106,B1,Cinobufagin,0.05,Can_3,DRcurve,37231.1699,Data 10-20-23 1.txt
107,B2,Cinobufagin,0.05,Can_3,DRcurve,39809.36514,Data 10-20-23 1.txt
108,B3,Cinobufagin,0.05,Can_3,DRcurve,37851.65279,Data 10-20-23 1.txt
109,B5,Marinobufagenin,0.05,Can_3,DRcurve,4558.977211,Data 10-20-23 1.txt
110,B6,Marinobufagenin,0.05,Can_3,DRcurve,5380.179897,Data 10-20-23 1.txt
111,B7,Marinobufagenin,0.05,Can_3,DRcurve,4799.245053,Data 10-20-23 1.txt
112,C1,Cinobufagin,0.025,Can_3,DRcurve,18461.1255,Data 10-20-23 1.txt
113,C2,Cinobufagin,0.025,Can_3,DRcurve,17275.01583,Data 10-20-23 1.txt
114,C3,Cinobufagin,0.025,Can_3,DRcurve,17809.16275,Data 10-20-23 1.txt
115,C5,Marinobufagenin,0.025,Can_3,DRcurve,4369.074345,Data 10-20-23 1.txt
116,C6,Marinobufagenin,0.025,Can_3,DRcurve,3926.090482,Data 10-20-23 1.txt
117,C7,Marinobufagenin,0.025,Can_3,DRcurve,3749.093679,Data 10-20-23 1.txt
118,D1,Cinobufagin,0.0125,Can_3,DRcurve,8134.09788,Data 10-20-23 1.txt
119,D2,Cinobufagin,0.0125,Can_3,DRcurve,7388.895258,Data 10-20-23 1.txt
120,D3,Cinobufagin,0.0125,Can_3,DRcurve,6796.792501,Data 10-20-23 1.txt
121,D5,Marinobufagenin,0.0125,Can_3,DRcurve,2903.867539,Data 10-20-23 1.txt
122,D6,Marinobufagenin,0.0125,Can_3,DRcurve,3443.127787,Data 10-20-23 1.txt
123,D7,Marinobufagenin,0.0125,Can_3,DRcurve,2772.058639,Data 10-20-23 1.txt
124,E1,Cinobufagin,0.00625,Can_3,DRcurve,4087.745487,Data 10-20-23 1.txt
125,E2,Cinobufagin,0.00625,Can_3,DRcurve,3902.743841,Data 10-20-23 1.txt
126,E3,Cinobufagin,0.00625,Can_3,DRcurve,3902.215481,Data 10-20-23 1.txt
127,E5,Marinobufagenin,0.00625,Can_3,DRcurve,3153.099349,Data 10-20-23 1.txt
128,E6,Marinobufagenin,0.00625,Can_3,DRcurve,3187.078427,Data 10-20-23 1.txt
129,E7,Marinobufagenin,0.00625,Can_3,DRcurve,2931.348054,Data 10-20-23 1.txt
130,F1,Cinobufagin,0.003125,Can_3,DRcurve,2599.940303,Data 10-20-23 1.txt
131,F2,Cinobufagin,0.003125,Can_3,DRcurve,2899.87193,Data 10-20-23 1.txt
132,F3,Cinobufagin,0.003125,Can_3,DRcurve,2671.012,Data 10-20-23 1.txt
133,F5,Marinobufagenin,0.003125,Can_3,DRcurve,3004.9842,Data 10-20-23 1.txt
134,F6,Marinobufagenin,0.003125,Can_3,DRcurve,3087.92045,Data 10-20-23 1.txt
135,F7,Marinobufagenin,0.003125,Can_3,DRcurve,2359.66237,Data 10-20-23 1.txt
136,G1,Cinobufagin,0.0015625,Can_3,DRcurve,2649.894616,Data 10-20-23 1.txt
137,G2,Cinobufagin,0.0015625,Can_3,DRcurve,3087.675768,Data 10-20-23 1.txt
138,G3,Cinobufagin,0.0015625,Can_3,DRcurve,2619.246471,Data 10-20-23 1.txt
139,G5,Marinobufagenin,0.0015625,Can_3,DRcurve,2660.424214,Data 10-20-23 1.txt
140,G6,Marinobufagenin,0.0015625,Can_3,DRcurve,2411.930746,Data 10-20-23 1.txt
141,G7,Marinobufagenin,0.0015625,Can_3,DRcurve,1894.945081,Data 10-20-23 1.txt
142,H1,Cinobufagin,0.000195313,Can_3,DRcurve,2597.051183,Data 10-20-23 1.txt
143,H2,Cinobufagin,0.000195313,Can_3,DRcurve,2711.904546,Data 10-20-23 1.txt
144,H3,Cinobufagin,0.000195313,Can_3,DRcurve,2542.741133,Data 10-20-23 1.txt
145,H5,Marinobufagenin,0.000195313,Can_3,DRcurve,2593.240262,Data 10-20-23 1.txt
146,H6,Marinobufagenin,0.000195313,Can_3,DRcurve,2034.885449,Data 10-20-23 1.txt
147,H7,Marinobufagenin,0.000195313,Can_3,DRcurve,1769.084818,Data 10-20-23 1.txt
148,B1,AflatoxinB1,0.05,Axo_1,DRcurve,58742.95654,Data 10-24-23 1.txt
149,B10,AflatoxinB1,0.05,Can_1,DRcurve,14256.8973,Data 10-24-23 1.txt
150,B11,AflatoxinB1,0.05,Can_1,DRcurve,15500.91352,Data 10-24-23 1.txt
151,B12,AflatoxinB1,0.05,Can_1,DRcurve,9593.629593,Data 10-24-23 1.txt
152,B2,AflatoxinB1,0.05,Axo_1,DRcurve,51320.4576,Data 10-24-23 1.txt
153,B3,AflatoxinB1,0.05,Axo_1,DRcurve,43777.43772,Data 10-24-23 1.txt
154,C1,AflatoxinB1,0.025,Axo_1,DRcurve,35405.57134,Data 10-24-23 1.txt
155,C10,AflatoxinB1,0.025,Can_1,DRcurve,10389.83706,Data 10-24-23 1.txt
156,C11,AflatoxinB1,0.025,Can_1,DRcurve,9625.476685,Data 10-24-23 1.txt
157,C12,AflatoxinB1,0.025,Can_1,DRcurve,7505.641562,Data 10-24-23 1.txt
158,C2,AflatoxinB1,0.025,Axo_1,DRcurve,37273.49954,Data 10-24-23 1.txt
159,C3,AflatoxinB1,0.025,Axo_1,DRcurve,33796.77297,Data 10-24-23 1.txt
160,D1,AflatoxinB1,0.0125,Axo_1,DRcurve,26280.82361,Data 10-24-23 1.txt
161,D10,AflatoxinB1,0.0125,Can_1,DRcurve,7044.644912,Data 10-24-23 1.txt
162,D11,AflatoxinB1,0.0125,Can_1,DRcurve,6229.780292,Data 10-24-23 1.txt
163,D12,AflatoxinB1,0.0125,Can_1,DRcurve,4855.168875,Data 10-24-23 1.txt
164,D2,AflatoxinB1,0.0125,Axo_1,DRcurve,24083.88999,Data 10-24-23 1.txt
165,D3,AflatoxinB1,0.0125,Axo_1,DRcurve,15225.94121,Data 10-24-23 1.txt
166,E1,AflatoxinB1,0.00625,Axo_1,DRcurve,14132.48008,Data 10-24-23 1.txt
167,E10,AflatoxinB1,0.00625,Can_1,DRcurve,5631.719302,Data 10-24-23 1.txt
168,E11,AflatoxinB1,0.00625,Can_1,DRcurve,5583.763459,Data 10-24-23 1.txt
169,E12,AflatoxinB1,0.00625,Can_1,DRcurve,3357.168224,Data 10-24-23 1.txt
170,E2,AflatoxinB1,0.00625,Axo_1,DRcurve,18200.6599,Data 10-24-23 1.txt
171,E3,AflatoxinB1,0.00625,Axo_1,DRcurve,12091.23968,Data 10-24-23 1.txt
172,F1,AflatoxinB1,0.003125,Axo_1,DRcurve,14083.65696,Data 10-24-23 1.txt
173,F10,AflatoxinB1,0.003125,Can_1,DRcurve,4660.351284,Data 10-24-23 1.txt
174,F11,AflatoxinB1,0.003125,Can_1,DRcurve,4189.755581,Data 10-24-23 1.txt
175,F12,AflatoxinB1,0.003125,Can_1,DRcurve,2711.640768,Data 10-24-23 1.txt
176,F2,AflatoxinB1,0.003125,Axo_1,DRcurve,4895.277932,Data 10-24-23 1.txt
177,F3,AflatoxinB1,0.003125,Axo_1,DRcurve,17450.1788,Data 10-24-23 1.txt
178,G1,AflatoxinB1,0.0015625,Axo_1,DRcurve,9158.250878,Data 10-24-23 1.txt
179,G10,AflatoxinB1,0.0015625,Can_1,DRcurve,3794.910869,Data 10-24-23 1.txt
180,G11,AflatoxinB1,0.0015625,Can_1,DRcurve,4085.652619,Data 10-24-23 1.txt
181,G12,AflatoxinB1,0.0015625,Can_1,DRcurve,2257.238708,Data 10-24-23 1.txt
182,G2,AflatoxinB1,0.0015625,Axo_1,DRcurve,7198.252289,Data 10-24-23 1.txt
183,G3,AflatoxinB1,0.0015625,Axo_1,DRcurve,11588.65663,Data 10-24-23 1.txt
184,H1,AflatoxinB1,0.000195313,Axo_1,DRcurve,6248.799417,Data 10-24-23 1.txt
185,H10,AflatoxinB1,0.000195313,Can_1,DRcurve,2603.247402,Data 10-24-23 1.txt
186,H11,AflatoxinB1,0.000195313,Can_1,DRcurve,2716.472718,Data 10-24-23 1.txt
187,H12,AflatoxinB1,0.000195313,Can_1,DRcurve,1982.600846,Data 10-24-23 1.txt
188,H2,AflatoxinB1,0.000195313,Axo_1,DRcurve,4549.76775,Data 10-24-23 1.txt
189,H3,AflatoxinB1,0.000195313,Axo_1,DRcurve,4892.507564,Data 10-24-23 1.txt
190,B4,AflatoxinB1,0.05,Xen_6,DRcurve,21601.25225,Data 10-24-23 2.txt
191,B5,AflatoxinB1,0.05,Xen_6,DRcurve,21647.60624,Data 10-24-23 2.txt
192,B6,AflatoxinB1,0.05,Xen_6,DRcurve,23325.52044,Data 10-24-23 2.txt
193,C4,AflatoxinB1,0.025,Xen_6,DRcurve,14077.49925,Data 10-24-23 2.txt
194,C5,AflatoxinB1,0.025,Xen_6,DRcurve,14063.0629,Data 10-24-23 2.txt
195,C6,AflatoxinB1,0.025,Xen_6,DRcurve,11208.88818,Data 10-24-23 2.txt
196,D4,AflatoxinB1,0.0125,Xen_6,DRcurve,7263.509429,Data 10-24-23 2.txt
197,D5,AflatoxinB1,0.0125,Xen_6,DRcurve,6227.995039,Data 10-24-23 2.txt
198,D6,AflatoxinB1,0.0125,Xen_6,DRcurve,6879.019785,Data 10-24-23 2.txt
199,E4,AflatoxinB1,0.00625,Xen_6,DRcurve,5463.911266,Data 10-24-23 2.txt
200,E5,AflatoxinB1,0.00625,Xen_6,DRcurve,3540.493282,Data 10-24-23 2.txt
201,E6,AflatoxinB1,0.00625,Xen_6,DRcurve,3600.969178,Data 10-24-23 2.txt
202,F4,AflatoxinB1,0.003125,Xen_6,DRcurve,4259.44502,Data 10-24-23 2.txt
203,F5,AflatoxinB1,0.003125,Xen_6,DRcurve,2901.50568,Data 10-24-23 2.txt
204,F6,AflatoxinB1,0.003125,Xen_6,DRcurve,3461.843928,Data 10-24-23 2.txt
205,G4,AflatoxinB1,0.0015625,Xen_6,DRcurve,2267.936547,Data 10-24-23 2.txt
206,G5,AflatoxinB1,0.0015625,Xen_6,DRcurve,2172.572078,Data 10-24-23 2.txt
207,G6,AflatoxinB1,0.0015625,Xen_6,DRcurve,2643.998127,Data 10-24-23 2.txt
208,H4,AflatoxinB1,0.000195313,Xen_6,DRcurve,2710.380627,Data 10-24-23 2.txt
209,H5,AflatoxinB1,0.000195313,Xen_6,DRcurve,2353.113354,Data 10-24-23 2.txt
210,H6,AflatoxinB1,0.000195313,Xen_6,DRcurve,2109.162507,Data 10-24-23 2.txt
211,B4,AflatoxinB1,0.05,Axo_1,DRcurve,33187.30231,Data 10-26-23 1.txt
212,B5,AflatoxinB1,0.05,Axo_1,DRcurve,42906.7435,Data 10-26-23 1.txt
213,B6,AflatoxinB1,0.05,Axo_1,DRcurve,23141.95647,Data 10-26-23 1.txt
214,B7,AflatoxinB1,0.05,Can_1,DRcurve,11048.00329,Data 10-26-23 1.txt
215,B8,AflatoxinB1,0.05,Can_1,DRcurve,10469.16841,Data 10-26-23 1.txt
216,B9,AflatoxinB1,0.05,Can_1,DRcurve,8769.809284,Data 10-26-23 1.txt
217,C4,AflatoxinB1,0.025,Axo_1,DRcurve,29701.21796,Data 10-26-23 1.txt
218,C5,AflatoxinB1,0.025,Axo_1,DRcurve,37018.74755,Data 10-26-23 1.txt
219,C6,AflatoxinB1,0.025,Axo_1,DRcurve,21188.79802,Data 10-26-23 1.txt
220,C7,AflatoxinB1,0.025,Can_1,DRcurve,7051.806755,Data 10-26-23 1.txt
221,C8,AflatoxinB1,0.025,Can_1,DRcurve,7426.347018,Data 10-26-23 1.txt
222,C9,AflatoxinB1,0.025,Can_1,DRcurve,7855.570562,Data 10-26-23 1.txt
223,D4,AflatoxinB1,0.0125,Axo_1,DRcurve,32118.66194,Data 10-26-23 1.txt
224,D5,AflatoxinB1,0.0125,Axo_1,DRcurve,35187.68583,Data 10-26-23 1.txt
225,D6,AflatoxinB1,0.0125,Axo_1,DRcurve,15775.81825,Data 10-26-23 1.txt
226,D7,AflatoxinB1,0.0125,Can_1,DRcurve,5247.936723,Data 10-26-23 1.txt
227,D8,AflatoxinB1,0.0125,Can_1,DRcurve,4951.129876,Data 10-26-23 1.txt
228,D9,AflatoxinB1,0.0125,Can_1,DRcurve,4189.750511,Data 10-26-23 1.txt
229,E4,AflatoxinB1,0.00625,Axo_1,DRcurve,19866.25374,Data 10-26-23 1.txt
230,E5,AflatoxinB1,0.00625,Axo_1,DRcurve,24928.82934,Data 10-26-23 1.txt
231,E6,AflatoxinB1,0.00625,Axo_1,DRcurve,8749.549933,Data 10-26-23 1.txt
232,E7,AflatoxinB1,0.00625,Can_1,DRcurve,3485.739955,Data 10-26-23 1.txt
233,E8,AflatoxinB1,0.00625,Can_1,DRcurve,2764.618698,Data 10-26-23 1.txt
234,E9,AflatoxinB1,0.00625,Can_1,DRcurve,2985.00759,Data 10-26-23 1.txt
235,F4,AflatoxinB1,0.003125,Axo_1,DRcurve,26378.10526,Data 10-26-23 1.txt
236,F5,AflatoxinB1,0.003125,Axo_1,DRcurve,11351.33593,Data 10-26-23 1.txt
237,F6,AflatoxinB1,0.003125,Axo_1,DRcurve,9710.531574,Data 10-26-23 1.txt
238,F7,AflatoxinB1,0.003125,Can_1,DRcurve,3386.485913,Data 10-26-23 1.txt
239,F8,AflatoxinB1,0.003125,Can_1,DRcurve,2747.730219,Data 10-26-23 1.txt
240,F9,AflatoxinB1,0.003125,Can_1,DRcurve,2805.030206,Data 10-26-23 1.txt
241,G4,AflatoxinB1,0.0015625,Axo_1,DRcurve,18165.76706,Data 10-26-23 1.txt
242,G5,AflatoxinB1,0.0015625,Axo_1,DRcurve,15453.36281,Data 10-26-23 1.txt
243,G6,AflatoxinB1,0.0015625,Axo_1,DRcurve,8189.372455,Data 10-26-23 1.txt
244,G7,AflatoxinB1,0.0015625,Can_1,DRcurve,2251.176838,Data 10-26-23 1.txt
245,G8,AflatoxinB1,0.0015625,Can_1,DRcurve,2316.828011,Data 10-26-23 1.txt
246,G9,AflatoxinB1,0.0015625,Can_1,DRcurve,2688.628791,Data 10-26-23 1.txt
247,H4,AflatoxinB1,0.000195313,Axo_1,DRcurve,11724.85055,Data 10-26-23 1.txt
248,H5,AflatoxinB1,0.000195313,Axo_1,DRcurve,11214.60792,Data 10-26-23 1.txt
249,H6,AflatoxinB1,0.000195313,Axo_1,DRcurve,6485.321942,Data 10-26-23 1.txt
250,H7,AflatoxinB1,0.000195313,Can_1,DRcurve,1803.02058,Data 10-26-23 1.txt
251,H8,AflatoxinB1,0.000195313,Can_1,DRcurve,1949.234202,Data 10-26-23 1.txt
252,H9,AflatoxinB1,0.000195313,Can_1,DRcurve,1728.02431,Data 10-26-23 1.txt
253,B4,AflatoxinB1,0.05,Xen_6,DRcurve,16164.09919,Data 10-26-23 2.txt
254,B5,AflatoxinB1,0.05,Xen_6,DRcurve,15848.22583,Data 10-26-23 2.txt
255,B6,AflatoxinB1,0.05,Xen_6,DRcurve,15909.00812,Data 10-26-23 2.txt
256,B7,AflatoxinB1,0.05,Can_3,DRcurve,5584.720639,Data 10-26-23 2.txt
257,B8,AflatoxinB1,0.05,Can_3,DRcurve,4840.297404,Data 10-26-23 2.txt
258,B9,AflatoxinB1,0.05,Can_3,DRcurve,7131.772974,Data 10-26-23 2.txt
259,C4,AflatoxinB1,0.025,Xen_6,DRcurve,8731.606217,Data 10-26-23 2.txt
260,C5,AflatoxinB1,0.025,Xen_6,DRcurve,8847.336612,Data 10-26-23 2.txt
261,C6,AflatoxinB1,0.025,Xen_6,DRcurve,7742.023577,Data 10-26-23 2.txt
262,C7,AflatoxinB1,0.025,Can_3,DRcurve,2780.515497,Data 10-26-23 2.txt
263,C8,AflatoxinB1,0.025,Can_3,DRcurve,2901.47248,Data 10-26-23 2.txt
264,C9,AflatoxinB1,0.025,Can_3,DRcurve,3429.989864,Data 10-26-23 2.txt
265,D4,AflatoxinB1,0.0125,Xen_6,DRcurve,4910.269619,Data 10-26-23 2.txt
266,D5,AflatoxinB1,0.0125,Xen_6,DRcurve,4270.196873,Data 10-26-23 2.txt
267,D6,AflatoxinB1,0.0125,Xen_6,DRcurve,4188.466832,Data 10-26-23 2.txt
268,D7,AflatoxinB1,0.0125,Can_3,DRcurve,2304.607284,Data 10-26-23 2.txt
269,D8,AflatoxinB1,0.0125,Can_3,DRcurve,2588.513303,Data 10-26-23 2.txt
270,D9,AflatoxinB1,0.0125,Can_3,DRcurve,2340.678683,Data 10-26-23 2.txt
271,E4,AflatoxinB1,0.00625,Xen_6,DRcurve,3453.216383,Data 10-26-23 2.txt
272,E5,AflatoxinB1,0.00625,Xen_6,DRcurve,2502.988677,Data 10-26-23 2.txt
273,E6,AflatoxinB1,0.00625,Xen_6,DRcurve,2499.560615,Data 10-26-23 2.txt
274,E7,AflatoxinB1,0.00625,Can_3,DRcurve,1515.314026,Data 10-26-23 2.txt
275,E8,AflatoxinB1,0.00625,Can_3,DRcurve,1898.919128,Data 10-26-23 2.txt
276,E9,AflatoxinB1,0.00625,Can_3,DRcurve,2128.724199,Data 10-26-23 2.txt
277,F4,AflatoxinB1,0.003125,Xen_6,DRcurve,2101.408131,Data 10-26-23 2.txt
278,F5,AflatoxinB1,0.003125,Xen_6,DRcurve,2224.130843,Data 10-26-23 2.txt
279,F6,AflatoxinB1,0.003125,Xen_6,DRcurve,1516.319791,Data 10-26-23 2.txt
280,F7,AflatoxinB1,0.003125,Can_3,DRcurve,2021.665265,Data 10-26-23 2.txt
281,F8,AflatoxinB1,0.003125,Can_3,DRcurve,2036.534464,Data 10-26-23 2.txt
282,F9,AflatoxinB1,0.003125,Can_3,DRcurve,1559.04552,Data 10-26-23 2.txt
283,G4,AflatoxinB1,0.0015625,Xen_6,DRcurve,2286.358976,Data 10-26-23 2.txt
284,G5,AflatoxinB1,0.0015625,Xen_6,DRcurve,1395.59332,Data 10-26-23 2.txt
285,G6,AflatoxinB1,0.0015625,Xen_6,DRcurve,2892.654478,Data 10-26-23 2.txt
286,G7,AflatoxinB1,0.0015625,Can_3,DRcurve,1781.399405,Data 10-26-23 2.txt
287,G8,AflatoxinB1,0.0015625,Can_3,DRcurve,1802.050579,Data 10-26-23 2.txt
288,G9,AflatoxinB1,0.0015625,Can_3,DRcurve,1657.774681,Data 10-26-23 2.txt
289,H4,AflatoxinB1,0.000195313,Xen_6,DRcurve,1350.361599,Data 10-26-23 2.txt
290,H5,AflatoxinB1,0.000195313,Xen_6,DRcurve,1552.902659,Data 10-26-23 2.txt
291,H6,AflatoxinB1,0.000195313,Xen_6,DRcurve,1594.574359,Data 10-26-23 2.txt
292,H7,AflatoxinB1,0.000195313,Can_3,DRcurve,1373.277925,Data 10-26-23 2.txt
293,H8,AflatoxinB1,0.000195313,Can_3,DRcurve,1426.888268,Data 10-26-23 2.txt
294,H9,AflatoxinB1,0.000195313,Can_3,DRcurve,1502.246432,Data 10-26-23 2.txt
295,B1,Cinobufagin,0.05,Can_3,DRcurve,20309.24559,Data 10-27-23 1.txt
296,B10,Marinobufagenin,0.05,Can_1,DRcurve,6722.565427,Data 10-27-23 1.txt
297,B11,Marinobufagenin,0.05,Can_1,DRcurve,5891.403213,Data 10-27-23 1.txt
298,B12,Marinobufagenin,0.05,Can_1,DRcurve,3532.856804,Data 10-27-23 1.txt
299,B2,Cinobufagin,0.05,Can_3,DRcurve,20874.22313,Data 10-27-23 1.txt
300,B3,Cinobufagin,0.05,Can_3,DRcurve,17549.36586,Data 10-27-23 1.txt
301,B4,AflatoxinB1,0.05,Can_3,DRcurve,3149.960217,Data 10-27-23 1.txt
302,B5,AflatoxinB1,0.05,Can_3,DRcurve,2829.575985,Data 10-27-23 1.txt
303,B6,AflatoxinB1,0.05,Can_3,DRcurve,3053.223388,Data 10-27-23 1.txt
304,C1,Cinobufagin,0.025,Can_3,DRcurve,10667.47889,Data 10-27-23 1.txt
305,C10,Marinobufagenin,0.025,Can_1,DRcurve,4694.346803,Data 10-27-23 1.txt
306,C11,Marinobufagenin,0.025,Can_1,DRcurve,4231.868462,Data 10-27-23 1.txt
307,C12,Marinobufagenin,0.025,Can_1,DRcurve,2643.980976,Data 10-27-23 1.txt
308,C2,Cinobufagin,0.025,Can_3,DRcurve,8318.550723,Data 10-27-23 1.txt
309,C3,Cinobufagin,0.025,Can_3,DRcurve,9679.192195,Data 10-27-23 1.txt
310,C4,AflatoxinB1,0.025,Can_3,DRcurve,1696.988079,Data 10-27-23 1.txt
311,C5,AflatoxinB1,0.025,Can_3,DRcurve,1227.683986,Data 10-27-23 1.txt
312,C6,AflatoxinB1,0.025,Can_3,DRcurve,1704.241536,Data 10-27-23 1.txt
313,D1,Cinobufagin,0.0125,Can_3,DRcurve,4929.116416,Data 10-27-23 1.txt
314,D10,Marinobufagenin,0.0125,Can_1,DRcurve,2781.820074,Data 10-27-23 1.txt
315,D11,Marinobufagenin,0.0125,Can_1,DRcurve,4188.075319,Data 10-27-23 1.txt
316,D12,Marinobufagenin,0.0125,Can_1,DRcurve,2361.356553,Data 10-27-23 1.txt
317,D2,Cinobufagin,0.0125,Can_3,DRcurve,3635.325905,Data 10-27-23 1.txt
318,D3,Cinobufagin,0.0125,Can_3,DRcurve,3753.087884,Data 10-27-23 1.txt
319,D4,AflatoxinB1,0.0125,Can_3,DRcurve,1380.852859,Data 10-27-23 1.txt
320,D5,AflatoxinB1,0.0125,Can_3,DRcurve,1568.684244,Data 10-27-23 1.txt
321,D6,AflatoxinB1,0.0125,Can_3,DRcurve,1385.120171,Data 10-27-23 1.txt
322,E1,Cinobufagin,0.00625,Can_3,DRcurve,2082.519621,Data 10-27-23 1.txt
323,E10,Marinobufagenin,0.00625,Can_1,DRcurve,2770.330118,Data 10-27-23 1.txt
324,E11,Marinobufagenin,0.00625,Can_1,DRcurve,3441.660987,Data 10-27-23 1.txt
325,E12,Marinobufagenin,0.00625,Can_1,DRcurve,1694.859791,Data 10-27-23 1.txt
326,E2,Cinobufagin,0.00625,Can_3,DRcurve,2115.263084,Data 10-27-23 1.txt
327,E3,Cinobufagin,0.00625,Can_3,DRcurve,2115.879992,Data 10-27-23 1.txt
328,E4,AflatoxinB1,0.00625,Can_3,DRcurve,1106.773589,Data 10-27-23 1.txt
329,E5,AflatoxinB1,0.00625,Can_3,DRcurve,1422.079412,Data 10-27-23 1.txt
330,E6,AflatoxinB1,0.00625,Can_3,DRcurve,1537.394653,Data 10-27-23 1.txt
331,F1,Cinobufagin,0.003125,Can_3,DRcurve,1527.326744,Data 10-27-23 1.txt
332,F10,Marinobufagenin,0.003125,Can_1,DRcurve,1977.913736,Data 10-27-23 1.txt
333,F11,Marinobufagenin,0.003125,Can_1,DRcurve,2448.67645,Data 10-27-23 1.txt
334,F12,Marinobufagenin,0.003125,Can_1,DRcurve,1312.900721,Data 10-27-23 1.txt
335,F2,Cinobufagin,0.003125,Can_3,DRcurve,1839.144824,Data 10-27-23 1.txt
336,F3,Cinobufagin,0.003125,Can_3,DRcurve,1430.906916,Data 10-27-23 1.txt
337,F4,AflatoxinB1,0.003125,Can_3,DRcurve,1219.55134,Data 10-27-23 1.txt
338,F5,AflatoxinB1,0.003125,Can_3,DRcurve,1060.998598,Data 10-27-23 1.txt
339,F6,AflatoxinB1,0.003125,Can_3,DRcurve,959.665709,Data 10-27-23 1.txt
340,G1,Cinobufagin,0.0015625,Can_3,DRcurve,1348.852233,Data 10-27-23 1.txt
341,G10,Marinobufagenin,0.0015625,Can_1,DRcurve,2399.533878,Data 10-27-23 1.txt
342,G11,Marinobufagenin,0.0015625,Can_1,DRcurve,2133.26979,Data 10-27-23 1.txt
343,G12,Marinobufagenin,0.0015625,Can_1,DRcurve,1649.025963,Data 10-27-23 1.txt
344,G2,Cinobufagin,0.0015625,Can_3,DRcurve,1235.704976,Data 10-27-23 1.txt
345,G3,Cinobufagin,0.0015625,Can_3,DRcurve,1537.065271,Data 10-27-23 1.txt
346,G4,AflatoxinB1,0.0015625,Can_3,DRcurve,987.4257671,Data 10-27-23 1.txt
347,G5,AflatoxinB1,0.0015625,Can_3,DRcurve,1422.578405,Data 10-27-23 1.txt
348,G6,AflatoxinB1,0.0015625,Can_3,DRcurve,990.0478126,Data 10-27-23 1.txt
349,H1,Cinobufagin,0.000195313,Can_3,DRcurve,1216.867462,Data 10-27-23 1.txt
350,H10,Marinobufagenin,0.000195313,Can_1,DRcurve,2488.35429,Data 10-27-23 1.txt
351,H11,Marinobufagenin,0.000195313,Can_1,DRcurve,1817.128919,Data 10-27-23 1.txt
352,H12,Marinobufagenin,0.000195313,Can_1,DRcurve,1138.314265,Data 10-27-23 1.txt
353,H2,Cinobufagin,0.000195313,Can_3,DRcurve,1196.364488,Data 10-27-23 1.txt
354,H3,Cinobufagin,0.000195313,Can_3,DRcurve,1283.075834,Data 10-27-23 1.txt
355,H4,AflatoxinB1,0.000195313,Can_3,DRcurve,1304.617383,Data 10-27-23 1.txt
356,H5,AflatoxinB1,0.000195313,Can_3,DRcurve,1375.315815,Data 10-27-23 1.txt
357,H6,AflatoxinB1,0.000195313,Can_3,DRcurve,1437.409043,Data 10-27-23 1.txt
358,B10,Cinobufagin,0.05,Bul_4,DRcurve,6908.966232,Data 10-31-23 1.txt
359,B11,Cinobufagin,0.05,Bul_4,DRcurve,6595.470852,Data 10-31-23 1.txt
360,B12,Cinobufagin,0.05,Bul_4,DRcurve,7018.659035,Data 10-31-23 1.txt
361,B4,AflatoxinB1,0.05,Bul_4,DRcurve,62736.02075,Data 10-31-23 1.txt
362,B5,AflatoxinB1,0.05,Bul_4,DRcurve,63741.53066,Data 10-31-23 1.txt
363,B6,AflatoxinB1,0.05,Bul_4,DRcurve,57423.06955,Data 10-31-23 1.txt
364,B7,Marinobufagenin,0.05,Bul_4,DRcurve,8511.070648,Data 10-31-23 1.txt
365,B8,Marinobufagenin,0.05,Bul_4,DRcurve,8379.553278,Data 10-31-23 1.txt
366,B9,Marinobufagenin,0.05,Bul_4,DRcurve,7710.937742,Data 10-31-23 1.txt
367,C10,Cinobufagin,0.025,Bul_4,DRcurve,6186.006342,Data 10-31-23 1.txt
368,C11,Cinobufagin,0.025,Bul_4,DRcurve,5724.870747,Data 10-31-23 1.txt
369,C12,Cinobufagin,0.025,Bul_4,DRcurve,4863.121277,Data 10-31-23 1.txt
370,C4,AflatoxinB1,0.025,Bul_4,DRcurve,53605.11049,Data 10-31-23 1.txt
371,C5,AflatoxinB1,0.025,Bul_4,DRcurve,47419.69716,Data 10-31-23 1.txt
372,C6,AflatoxinB1,0.025,Bul_4,DRcurve,47842.64655,Data 10-31-23 1.txt
373,C7,Marinobufagenin,0.025,Bul_4,DRcurve,4970.995764,Data 10-31-23 1.txt
374,C8,Marinobufagenin,0.025,Bul_4,DRcurve,5699.932509,Data 10-31-23 1.txt
375,C9,Marinobufagenin,0.025,Bul_4,DRcurve,5496.03431,Data 10-31-23 1.txt
376,D10,Cinobufagin,0.0125,Bul_4,DRcurve,4393.754521,Data 10-31-23 1.txt
377,D11,Cinobufagin,0.0125,Bul_4,DRcurve,4407.828173,Data 10-31-23 1.txt
378,D12,Cinobufagin,0.0125,Bul_4,DRcurve,3347.437071,Data 10-31-23 1.txt
379,D4,AflatoxinB1,0.0125,Bul_4,DRcurve,42279.822,Data 10-31-23 1.txt
380,D5,AflatoxinB1,0.0125,Bul_4,DRcurve,38639.13108,Data 10-31-23 1.txt
381,D6,AflatoxinB1,0.0125,Bul_4,DRcurve,39329.3789,Data 10-31-23 1.txt
382,D7,Marinobufagenin,0.0125,Bul_4,DRcurve,4229.407449,Data 10-31-23 1.txt
383,D8,Marinobufagenin,0.0125,Bul_4,DRcurve,3314.441878,Data 10-31-23 1.txt
384,D9,Marinobufagenin,0.0125,Bul_4,DRcurve,3458.14743,Data 10-31-23 1.txt
385,E10,Cinobufagin,0.00625,Bul_4,DRcurve,4962.39422,Data 10-31-23 1.txt
386,E11,Cinobufagin,0.00625,Bul_4,DRcurve,3217.175087,Data 10-31-23 1.txt
387,E12,Cinobufagin,0.00625,Bul_4,DRcurve,2933.828779,Data 10-31-23 1.txt
388,E4,AflatoxinB1,0.00625,Bul_4,DRcurve,28680.921,Data 10-31-23 1.txt
389,E5,AflatoxinB1,0.00625,Bul_4,DRcurve,31617.45847,Data 10-31-23 1.txt
390,E6,AflatoxinB1,0.00625,Bul_4,DRcurve,28033.79159,Data 10-31-23 1.txt
391,E7,Marinobufagenin,0.00625,Bul_4,DRcurve,2549.691682,Data 10-31-23 1.txt
392,E8,Marinobufagenin,0.00625,Bul_4,DRcurve,2662.420121,Data 10-31-23 1.txt
393,E9,Marinobufagenin,0.00625,Bul_4,DRcurve,2700.952587,Data 10-31-23 1.txt
394,F10,Cinobufagin,0.003125,Bul_4,DRcurve,3162.64918,Data 10-31-23 1.txt
395,F11,Cinobufagin,0.003125,Bul_4,DRcurve,3693.613561,Data 10-31-23 1.txt
396,F12,Cinobufagin,0.003125,Bul_4,DRcurve,2509.075263,Data 10-31-23 1.txt
397,F4,AflatoxinB1,0.003125,Bul_4,DRcurve,19189.42572,Data 10-31-23 1.txt
398,F5,AflatoxinB1,0.003125,Bul_4,DRcurve,16938.62509,Data 10-31-23 1.txt
399,F6,AflatoxinB1,0.003125,Bul_4,DRcurve,18757.13785,Data 10-31-23 1.txt
400,F7,Marinobufagenin,0.003125,Bul_4,DRcurve,2954.94097,Data 10-31-23 1.txt
401,F8,Marinobufagenin,0.003125,Bul_4,DRcurve,2601.432524,Data 10-31-23 1.txt
402,F9,Marinobufagenin,0.003125,Bul_4,DRcurve,3575.111608,Data 10-31-23 1.txt
403,G10,Cinobufagin,0.0015625,Bul_4,DRcurve,3940.512206,Data 10-31-23 1.txt
404,G11,Cinobufagin,0.0015625,Bul_4,DRcurve,3444.438308,Data 10-31-23 1.txt
405,G12,Cinobufagin,0.0015625,Bul_4,DRcurve,2434.670253,Data 10-31-23 1.txt
406,G4,AflatoxinB1,0.0015625,Bul_4,DRcurve,12141.41512,Data 10-31-23 1.txt
407,G5,AflatoxinB1,0.0015625,Bul_4,DRcurve,12057.64599,Data 10-31-23 1.txt
408,G6,AflatoxinB1,0.0015625,Bul_4,DRcurve,10013.39412,Data 10-31-23 1.txt
409,G7,Marinobufagenin,0.0015625,Bul_4,DRcurve,2973.497975,Data 10-31-23 1.txt
410,G8,Marinobufagenin,0.0015625,Bul_4,DRcurve,3064.0573,Data 10-31-23 1.txt
411,G9,Marinobufagenin,0.0015625,Bul_4,DRcurve,3106.23652,Data 10-31-23 1.txt
412,H10,Cinobufagin,0.000195313,Bul_4,DRcurve,2687.248787,Data 10-31-23 1.txt
413,H11,Cinobufagin,0.000195313,Bul_4,DRcurve,2864.300611,Data 10-31-23 1.txt
414,H12,Cinobufagin,0.000195313,Bul_4,DRcurve,2552.608763,Data 10-31-23 1.txt
415,H4,AflatoxinB1,0.000195313,Bul_4,DRcurve,3094.058324,Data 10-31-23 1.txt
416,H5,AflatoxinB1,0.000195313,Bul_4,DRcurve,2988.970311,Data 10-31-23 1.txt
417,H6,AflatoxinB1,0.000195313,Bul_4,DRcurve,2895.185585,Data 10-31-23 1.txt
418,H7,Marinobufagenin,0.000195313,Bul_4,DRcurve,2812.186398,Data 10-31-23 1.txt
419,H8,Marinobufagenin,0.000195313,Bul_4,DRcurve,2992.733946,Data 10-31-23 1.txt
420,H9,Marinobufagenin,0.000195313,Bul_4,DRcurve,2483.677442,Data 10-31-23 1.txt
421,B10,Cinobufagin,0.05,Bul_4,DRcurve,7865.599712,Data 11-08-23 1.txt
422,B11,Cinobufagin,0.05,Bul_4,DRcurve,7880.803207,Data 11-08-23 1.txt
423,B12,Cinobufagin,0.05,Bul_4,DRcurve,6586.669086,Data 11-08-23 1.txt
424,B4,Cinobufagin,0.05,Can_3,DRcurve,41229.50598,Data 11-08-23 1.txt
425,B5,Cinobufagin,0.05,Can_3,DRcurve,38352.75085,Data 11-08-23 1.txt
426,B6,Cinobufagin,0.05,Can_3,DRcurve,32658.11898,Data 11-08-23 1.txt
427,B7,AflatoxinB1,0.05,Bul_4,DRcurve,52057.00111,Data 11-08-23 1.txt
428,B8,AflatoxinB1,0.05,Bul_4,DRcurve,52429.478,Data 11-08-23 1.txt
429,B9,AflatoxinB1,0.05,Bul_4,DRcurve,51110.83696,Data 11-08-23 1.txt
430,C10,Cinobufagin,0.025,Bul_4,DRcurve,5954.435906,Data 11-08-23 1.txt
431,C11,Cinobufagin,0.025,Bul_4,DRcurve,5126.264308,Data 11-08-23 1.txt
432,C12,Cinobufagin,0.025,Bul_4,DRcurve,4456.062469,Data 11-08-23 1.txt
433,C4,Cinobufagin,0.025,Can_3,DRcurve,16631.3825,Data 11-08-23 1.txt
434,C5,Cinobufagin,0.025,Can_3,DRcurve,17774.39651,Data 11-08-23 1.txt
435,C6,Cinobufagin,0.025,Can_3,DRcurve,15767.67405,Data 11-08-23 1.txt
436,C7,AflatoxinB1,0.025,Bul_4,DRcurve,45794.48779,Data 11-08-23 1.txt
437,C8,AflatoxinB1,0.025,Bul_4,DRcurve,42070.58589,Data 11-08-23 1.txt
438,C9,AflatoxinB1,0.025,Bul_4,DRcurve,39253.95456,Data 11-08-23 1.txt
439,D10,Cinobufagin,0.0125,Bul_4,DRcurve,4288.240925,Data 11-08-23 1.txt
440,D11,Cinobufagin,0.0125,Bul_4,DRcurve,4637.968544,Data 11-08-23 1.txt
441,D12,Cinobufagin,0.0125,Bul_4,DRcurve,3606.90701,Data 11-08-23 1.txt
442,D4,Cinobufagin,0.0125,Can_3,DRcurve,7281.298659,Data 11-08-23 1.txt
443,D5,Cinobufagin,0.0125,Can_3,DRcurve,9088.842782,Data 11-08-23 1.txt
444,D6,Cinobufagin,0.0125,Can_3,DRcurve,8045.905142,Data 11-08-23 1.txt
445,D7,AflatoxinB1,0.0125,Bul_4,DRcurve,36689.04322,Data 11-08-23 1.txt
446,D8,AflatoxinB1,0.0125,Bul_4,DRcurve,33345.61778,Data 11-08-23 1.txt
447,D9,AflatoxinB1,0.0125,Bul_4,DRcurve,32225.02001,Data 11-08-23 1.txt
448,E10,Cinobufagin,0.00625,Bul_4,DRcurve,3904.851902,Data 11-08-23 1.txt
449,E11,Cinobufagin,0.00625,Bul_4,DRcurve,3522.489533,Data 11-08-23 1.txt
450,E12,Cinobufagin,0.00625,Bul_4,DRcurve,2981.466848,Data 11-08-23 1.txt
451,E4,Cinobufagin,0.00625,Can_3,DRcurve,4094.046224,Data 11-08-23 1.txt
452,E5,Cinobufagin,0.00625,Can_3,DRcurve,3639.308587,Data 11-08-23 1.txt
453,E6,Cinobufagin,0.00625,Can_3,DRcurve,3924.243301,Data 11-08-23 1.txt
454,E7,AflatoxinB1,0.00625,Bul_4,DRcurve,30401.50543,Data 11-08-23 1.txt
455,E8,AflatoxinB1,0.00625,Bul_4,DRcurve,26999.36114,Data 11-08-23 1.txt
456,E9,AflatoxinB1,0.00625,Bul_4,DRcurve,24313.77188,Data 11-08-23 1.txt
457,F10,Cinobufagin,0.003125,Bul_4,DRcurve,3742.552428,Data 11-08-23 1.txt
458,F11,Cinobufagin,0.003125,Bul_4,DRcurve,3151.070137,Data 11-08-23 1.txt
459,F12,Cinobufagin,0.003125,Bul_4,DRcurve,3300.460644,Data 11-08-23 1.txt
460,F4,Cinobufagin,0.003125,Can_3,DRcurve,2187.573992,Data 11-08-23 1.txt
461,F5,Cinobufagin,0.003125,Can_3,DRcurve,3031.107156,Data 11-08-23 1.txt
462,F6,Cinobufagin,0.003125,Can_3,DRcurve,2428.790993,Data 11-08-23 1.txt
463,F7,AflatoxinB1,0.003125,Bul_4,DRcurve,16782.21087,Data 11-08-23 1.txt
464,F8,AflatoxinB1,0.003125,Bul_4,DRcurve,16218.0554,Data 11-08-23 1.txt
465,F9,AflatoxinB1,0.003125,Bul_4,DRcurve,15432.21089,Data 11-08-23 1.txt
466,G10,Cinobufagin,0.0015625,Bul_4,DRcurve,3572.189809,Data 11-08-23 1.txt
467,G11,Cinobufagin,0.0015625,Bul_4,DRcurve,3139.310439,Data 11-08-23 1.txt
468,G12,Cinobufagin,0.0015625,Bul_4,DRcurve,3312.899397,Data 11-08-23 1.txt
469,G4,Cinobufagin,0.0015625,Can_3,DRcurve,2406.135142,Data 11-08-23 1.txt
470,G5,Cinobufagin,0.0015625,Can_3,DRcurve,2041.335922,Data 11-08-23 1.txt
471,G6,Cinobufagin,0.0015625,Can_3,DRcurve,2029.112268,Data 11-08-23 1.txt
472,G7,AflatoxinB1,0.0015625,Bul_4,DRcurve,10965.85843,Data 11-08-23 1.txt
473,G8,AflatoxinB1,0.0015625,Bul_4,DRcurve,9902.011733,Data 11-08-23 1.txt
474,G9,AflatoxinB1,0.0015625,Bul_4,DRcurve,9965.648066,Data 11-08-23 1.txt
475,H10,Cinobufagin,0.000195313,Bul_4,DRcurve,2468.582633,Data 11-08-23 1.txt
476,H11,Cinobufagin,0.000195313,Bul_4,DRcurve,2764.947259,Data 11-08-23 1.txt
477,H12,Cinobufagin,0.000195313,Bul_4,DRcurve,2784.896279,Data 11-08-23 1.txt
478,H4,Cinobufagin,0.000195313,Can_3,DRcurve,1837.368492,Data 11-08-23 1.txt
479,H5,Cinobufagin,0.000195313,Can_3,DRcurve,2290.356906,Data 11-08-23 1.txt
480,H6,Cinobufagin,0.000195313,Can_3,DRcurve,2580.18755,Data 11-08-23 1.txt
481,H7,AflatoxinB1,0.000195313,Bul_4,DRcurve,4420.661438,Data 11-08-23 1.txt
482,H8,AflatoxinB1,0.000195313,Bul_4,DRcurve,3968.30166,Data 11-08-23 1.txt
483,H9,AflatoxinB1,0.000195313,Bul_4,DRcurve,3341.468372,Data 11-08-23 1.txt
484,B1,Cinobufagin,0.05,Can_1,DRcurve,4794.850184,Data 11-08-23 2.txt
485,B2,Cinobufagin,0.05,Can_1,DRcurve,5947.596058,Data 11-08-23 2.txt
486,B3,Cinobufagin,0.05,Can_1,DRcurve,5160.479176,Data 11-08-23 2.txt
487,B4,Cinobufagin,0.05,Can_1,DRcurve,5398.084219,Data 11-08-23 2.txt
488,B5,Cinobufagin,0.05,Can_1,DRcurve,5212.897118,Data 11-08-23 2.txt
489,B6,Cinobufagin,0.05,Can_1,DRcurve,4759.037967,Data 11-08-23 2.txt
490,C1,Cinobufagin,0.025,Can_1,DRcurve,3130.572689,Data 11-08-23 2.txt
491,C2,Cinobufagin,0.025,Can_1,DRcurve,4016.924446,Data 11-08-23 2.txt
492,C3,Cinobufagin,0.025,Can_1,DRcurve,3589.201044,Data 11-08-23 2.txt
493,C4,Cinobufagin,0.025,Can_1,DRcurve,4080.481526,Data 11-08-23 2.txt
494,C5,Cinobufagin,0.025,Can_1,DRcurve,3470.534011,Data 11-08-23 2.txt
495,C6,Cinobufagin,0.025,Can_1,DRcurve,3053.43051,Data 11-08-23 2.txt
496,D1,Cinobufagin,0.0125,Can_1,DRcurve,3505.573272,Data 11-08-23 2.txt
497,D2,Cinobufagin,0.0125,Can_1,DRcurve,2896.981943,Data 11-08-23 2.txt
498,D3,Cinobufagin,0.0125,Can_1,DRcurve,3597.120979,Data 11-08-23 2.txt
499,D4,Cinobufagin,0.0125,Can_1,DRcurve,3133.946635,Data 11-08-23 2.txt
500,D5,Cinobufagin,0.0125,Can_1,DRcurve,2898.48903,Data 11-08-23 2.txt
501,D6,Cinobufagin,0.0125,Can_1,DRcurve,2955.145929,Data 11-08-23 2.txt
502,E1,Cinobufagin,0.00625,Can_1,DRcurve,2583.995379,Data 11-08-23 2.txt
503,E2,Cinobufagin,0.00625,Can_1,DRcurve,2550.068851,Data 11-08-23 2.txt
504,E3,Cinobufagin,0.00625,Can_1,DRcurve,3341.154828,Data 11-08-23 2.txt
505,E4,Cinobufagin,0.00625,Can_1,DRcurve,2982.7628,Data 11-08-23 2.txt
506,E5,Cinobufagin,0.00625,Can_1,DRcurve,2657.651444,Data 11-08-23 2.txt
507,E6,Cinobufagin,0.00625,Can_1,DRcurve,2552.378939,Data 11-08-23 2.txt
508,F1,Cinobufagin,0.003125,Can_1,DRcurve,2293.293206,Data 11-08-23 2.txt
509,F2,Cinobufagin,0.003125,Can_1,DRcurve,2891.462923,Data 11-08-23 2.txt
510,F3,Cinobufagin,0.003125,Can_1,DRcurve,2522.252746,Data 11-08-23 2.txt
511,F4,Cinobufagin,0.003125,Can_1,DRcurve,2651.981596,Data 11-08-23 2.txt
512,F5,Cinobufagin,0.003125,Can_1,DRcurve,3467.343946,Data 11-08-23 2.txt
513,F6,Cinobufagin,0.003125,Can_1,DRcurve,3395.845702,Data 11-08-23 2.txt
514,G1,Cinobufagin,0.0015625,Can_1,DRcurve,2511.568274,Data 11-08-23 2.txt
515,G2,Cinobufagin,0.0015625,Can_1,DRcurve,2600.481202,Data 11-08-23 2.txt
516,G3,Cinobufagin,0.0015625,Can_1,DRcurve,3202.070497,Data 11-08-23 2.txt
517,G4,Cinobufagin,0.0015625,Can_1,DRcurve,3083.813665,Data 11-08-23 2.txt
518,G5,Cinobufagin,0.0015625,Can_1,DRcurve,3920.234357,Data 11-08-23 2.txt
519,G6,Cinobufagin,0.0015625,Can_1,DRcurve,3340.695336,Data 11-08-23 2.txt
520,H1,Cinobufagin,0.000195313,Can_1,DRcurve,3369.616244,Data 11-08-23 2.txt
521,H2,Cinobufagin,0.000195313,Can_1,DRcurve,2803.890636,Data 11-08-23 2.txt
522,H3,Cinobufagin,0.000195313,Can_1,DRcurve,2725.903593,Data 11-08-23 2.txt
523,H4,Cinobufagin,0.000195313,Can_1,DRcurve,3281.286701,Data 11-08-23 2.txt
524,H5,Cinobufagin,0.000195313,Can_1,DRcurve,3301.52684,Data 11-08-23 2.txt
525,H6,Cinobufagin,0.000195313,Can_1,DRcurve,2969.503692,Data 11-08-23 2.txt
526,B1,Marinobufagenin,0.05,Bul_4,DRcurve,10424.5139,Data 11-09-23 1.txt
527,B10,AflatoxinB1,0.05,Xen_2,DRcurve,7570.398833,Data 11-09-23 1.txt
528,B11,AflatoxinB1,0.05,Xen_2,DRcurve,7379.356662,Data 11-09-23 1.txt
529,B12,AflatoxinB1,0.05,Xen_2,DRcurve,5563.535589,Data 11-09-23 1.txt
530,B2,Marinobufagenin,0.05,Bul_4,DRcurve,9984.006184,Data 11-09-23 1.txt
531,B3,Marinobufagenin,0.05,Bul_4,DRcurve,9214.995602,Data 11-09-23 1.txt
532,B4,Marinobufagenin,0.05,Can_3,DRcurve,9049.703107,Data 11-09-23 1.txt
533,B5,Marinobufagenin,0.05,Can_3,DRcurve,7982.291506,Data 11-09-23 1.txt
534,B6,Marinobufagenin,0.05,Can_3,DRcurve,8358.331567,Data 11-09-23 1.txt
535,B7,AflatoxinB1,0.05,Xen_2,DRcurve,8153.214643,Data 11-09-23 1.txt
536,B8,AflatoxinB1,0.05,Xen_2,DRcurve,7071.420155,Data 11-09-23 1.txt
537,B9,AflatoxinB1,0.05,Xen_2,DRcurve,5056.146192,Data 11-09-23 1.txt
538,C1,Marinobufagenin,0.025,Bul_4,DRcurve,5908.807553,Data 11-09-23 1.txt
539,C10,AflatoxinB1,0.025,Xen_2,DRcurve,6188.555513,Data 11-09-23 1.txt
540,C11,AflatoxinB1,0.025,Xen_2,DRcurve,5594.572507,Data 11-09-23 1.txt
541,C12,AflatoxinB1,0.025,Xen_2,DRcurve,4154.444462,Data 11-09-23 1.txt
542,C2,Marinobufagenin,0.025,Bul_4,DRcurve,5924.176301,Data 11-09-23 1.txt
543,C3,Marinobufagenin,0.025,Bul_4,DRcurve,6492.497907,Data 11-09-23 1.txt
544,C4,Marinobufagenin,0.025,Can_3,DRcurve,6447.386894,Data 11-09-23 1.txt
545,C5,Marinobufagenin,0.025,Can_3,DRcurve,6056.263276,Data 11-09-23 1.txt
546,C6,Marinobufagenin,0.025,Can_3,DRcurve,5299.848314,Data 11-09-23 1.txt
547,C7,AflatoxinB1,0.025,Xen_2,DRcurve,5244.286257,Data 11-09-23 1.txt
548,C8,AflatoxinB1,0.025,Xen_2,DRcurve,6087.487769,Data 11-09-23 1.txt
549,C9,AflatoxinB1,0.025,Xen_2,DRcurve,6794.873612,Data 11-09-23 1.txt
550,D1,Marinobufagenin,0.0125,Bul_4,DRcurve,5113.526035,Data 11-09-23 1.txt
551,D10,AflatoxinB1,0.0125,Xen_2,DRcurve,4987.914049,Data 11-09-23 1.txt
552,D11,AflatoxinB1,0.0125,Xen_2,DRcurve,5023.518379,Data 11-09-23 1.txt
553,D12,AflatoxinB1,0.0125,Xen_2,DRcurve,4906.772114,Data 11-09-23 1.txt
554,D2,Marinobufagenin,0.0125,Bul_4,DRcurve,4184.623397,Data 11-09-23 1.txt
555,D3,Marinobufagenin,0.0125,Bul_4,DRcurve,3565.999529,Data 11-09-23 1.txt
556,D4,Marinobufagenin,0.0125,Can_3,DRcurve,5715.544974,Data 11-09-23 1.txt
557,D5,Marinobufagenin,0.0125,Can_3,DRcurve,5339.2925,Data 11-09-23 1.txt
558,D6,Marinobufagenin,0.0125,Can_3,DRcurve,4501.075507,Data 11-09-23 1.txt
559,D7,AflatoxinB1,0.0125,Xen_2,DRcurve,6248.904934,Data 11-09-23 1.txt
560,D8,AflatoxinB1,0.0125,Xen_2,DRcurve,6384.729162,Data 11-09-23 1.txt
561,D9,AflatoxinB1,0.0125,Xen_2,DRcurve,5224.640856,Data 11-09-23 1.txt
562,E1,Marinobufagenin,0.00625,Bul_4,DRcurve,3349.331853,Data 11-09-23 1.txt
563,E10,AflatoxinB1,0.00625,Xen_2,DRcurve,5180.122143,Data 11-09-23 1.txt
564,E11,AflatoxinB1,0.00625,Xen_2,DRcurve,5419.81621,Data 11-09-23 1.txt
565,E12,AflatoxinB1,0.00625,Xen_2,DRcurve,3616.463154,Data 11-09-23 1.txt
566,E2,Marinobufagenin,0.00625,Bul_4,DRcurve,3599.174759,Data 11-09-23 1.txt
567,E3,Marinobufagenin,0.00625,Bul_4,DRcurve,3795.768828,Data 11-09-23 1.txt
568,E4,Marinobufagenin,0.00625,Can_3,DRcurve,4746.31242,Data 11-09-23 1.txt
569,E5,Marinobufagenin,0.00625,Can_3,DRcurve,5207.599944,Data 11-09-23 1.txt
570,E6,Marinobufagenin,0.00625,Can_3,DRcurve,3956.713281,Data 11-09-23 1.txt
571,E7,AflatoxinB1,0.00625,Xen_2,DRcurve,4690.655208,Data 11-09-23 1.txt
572,E8,AflatoxinB1,0.00625,Xen_2,DRcurve,4521.458586,Data 11-09-23 1.txt
573,E9,AflatoxinB1,0.00625,Xen_2,DRcurve,4592.261142,Data 11-09-23 1.txt
574,F1,Marinobufagenin,0.003125,Bul_4,DRcurve,3058.895931,Data 11-09-23 1.txt
575,F10,AflatoxinB1,0.003125,Xen_2,DRcurve,5028.903882,Data 11-09-23 1.txt
576,F11,AflatoxinB1,0.003125,Xen_2,DRcurve,4648.697463,Data 11-09-23 1.txt
577,F12,AflatoxinB1,0.003125,Xen_2,DRcurve,4055.42445,Data 11-09-23 1.txt
578,F2,Marinobufagenin,0.003125,Bul_4,DRcurve,3662.222713,Data 11-09-23 1.txt
579,F3,Marinobufagenin,0.003125,Bul_4,DRcurve,2985.804346,Data 11-09-23 1.txt
580,F4,Marinobufagenin,0.003125,Can_3,DRcurve,3405.794115,Data 11-09-23 1.txt
581,F5,Marinobufagenin,0.003125,Can_3,DRcurve,3107.519168,Data 11-09-23 1.txt
582,F6,Marinobufagenin,0.003125,Can_3,DRcurve,3906.55876,Data 11-09-23 1.txt
583,F7,AflatoxinB1,0.003125,Xen_2,DRcurve,4374.811592,Data 11-09-23 1.txt
584,F8,AflatoxinB1,0.003125,Xen_2,DRcurve,5456.522458,Data 11-09-23 1.txt
585,F9,AflatoxinB1,0.003125,Xen_2,DRcurve,4638.400106,Data 11-09-23 1.txt
586,G1,Marinobufagenin,0.0015625,Bul_4,DRcurve,2793.026699,Data 11-09-23 1.txt
587,G10,AflatoxinB1,0.0015625,Xen_2,DRcurve,4619.049692,Data 11-09-23 1.txt
588,G11,AflatoxinB1,0.0015625,Xen_2,DRcurve,4112.736837,Data 11-09-23 1.txt
589,G12,AflatoxinB1,0.0015625,Xen_2,DRcurve,3622.734659,Data 11-09-23 1.txt
590,G2,Marinobufagenin,0.0015625,Bul_4,DRcurve,3437.29425,Data 11-09-23 1.txt
591,G3,Marinobufagenin,0.0015625,Bul_4,DRcurve,2562.336669,Data 11-09-23 1.txt
592,G4,Marinobufagenin,0.0015625,Can_3,DRcurve,2688.431962,Data 11-09-23 1.txt
593,G5,Marinobufagenin,0.0015625,Can_3,DRcurve,3040.803124,Data 11-09-23 1.txt
594,G6,Marinobufagenin,0.0015625,Can_3,DRcurve,2204.786683,Data 11-09-23 1.txt
595,G7,AflatoxinB1,0.0015625,Xen_2,DRcurve,4325.046699,Data 11-09-23 1.txt
596,G8,AflatoxinB1,0.0015625,Xen_2,DRcurve,5246.8285,Data 11-09-23 1.txt
597,G9,AflatoxinB1,0.0015625,Xen_2,DRcurve,4275.932291,Data 11-09-23 1.txt
598,H1,Marinobufagenin,0.000195313,Bul_4,DRcurve,2916.373005,Data 11-09-23 1.txt
599,H10,AflatoxinB1,0.000195313,Xen_2,DRcurve,4539.432757,Data 11-09-23 1.txt
600,H11,AflatoxinB1,0.000195313,Xen_2,DRcurve,4358.144212,Data 11-09-23 1.txt
601,H12,AflatoxinB1,0.000195313,Xen_2,DRcurve,2873.023864,Data 11-09-23 1.txt
602,H2,Marinobufagenin,0.000195313,Bul_4,DRcurve,3230.070305,Data 11-09-23 1.txt
603,H3,Marinobufagenin,0.000195313,Bul_4,DRcurve,3123.79081,Data 11-09-23 1.txt
604,H4,Marinobufagenin,0.000195313,Can_3,DRcurve,2002.165946,Data 11-09-23 1.txt
605,H5,Marinobufagenin,0.000195313,Can_3,DRcurve,2471.019755,Data 11-09-23 1.txt
606,H6,Marinobufagenin,0.000195313,Can_3,DRcurve,1871.870035,Data 11-09-23 1.txt
607,H7,AflatoxinB1,0.000195313,Xen_2,DRcurve,4820.14794,Data 11-09-23 1.txt
608,H8,AflatoxinB1,0.000195313,Xen_2,DRcurve,4220.481159,Data 11-09-23 1.txt
609,H9,AflatoxinB1,0.000195313,Xen_2,DRcurve,4327.088653,Data 11-09-23 1.txt
