Accession,PlottingClade,latin,common,genes_Kate
GCA_000001635.9,Mammalia,Mus_musculus,house_mouse,35
GCA_000003025.6,Mammalia,Sus_scrofa,pig,15
GCA_000004195.4,Anura,Xenopus_tropicalis,tropical_clawed_frog,50
GCA_000090745.2,Squamata,Anolis_carolinensis,green_anole,43
GCA_000146605.4,Aves,Meleagris_gallopavo,turkey,2
GCA_000165445.3,Mammalia,Microcebus_murinus,gray_mouse_lemur,24
GCA_000238955.5,Actinopteri,Maylandia_zebra,zebra_mbuna,1
GCA_000241765.5,Testudines,Chrysemys_picta_bellii,western_painted_turtle,8
GCA_000242695.1,Actinopteri,Lepisosteus_oculatus,spotted_gar,3
GCA_000247795.2,Mammalia,Bos_indicus,zebu_cattle,20
GCA_000247815.2,Aves,Ficedula_albicollis,Collared_flycatcher,5
GCA_000317375.1,Mammalia,Microtus_ochrogaster,prairie_vole,43
GCA_000409795.2,Mammalia,Chlorocebus_sabaeus,green_monkey,30
GCA_000523025.1,Actinopteri,Cynoglossus_semilaevis,tongue_sole,0
GCA_000633615.2,Actinopteri,Poecilia_reticulata,guppy,2
GCA_000721915.3,Actinopteri,Esox_lucius,northern_pike,5
GCA_000738735.6,Aves,Corvus_cornix,hooded_crow,9
GCA_000803125.3,Mammalia,Camelus_dromedarius,Arabian_camel,11
GCA_000972845.2,Actinopteri,Larimichthys_crocea,large_yellow_croaker,4
GCA_000978405.1,Mammalia,Capra_aegagrus,wild_goat,22
GCA_001039535.1,Mammalia,Ovis_canadensis,bighorn_sheep,16
GCA_001444195.3,Actinopteri,Xiphophorus_couchianus,Monterrey_platyfish,1
GCA_001465895.2,Actinopteri,Nothobranchius_furzeri,turquoise_killifish,1
GCA_001522545.3,Aves,Parus_major,Great_Tit,3
GCA_001577835.2,Aves,Coturnix_japonica,Japanese_quail,2
GCA_001640805.2,Actinopteri,Lates_calcarifer,barramundi_perch,2
GCA_001649575.2,Actinopteri,Kryptolebias_marmoratus,mangrove_rivulus,2
GCA_001660625.3,Actinopteri,Ictalurus_punctatus,channel_catfish,5
GCA_001700915.1,Aves,Passer_domesticus,House_sparrow,3
GCA_001704415.2,Mammalia,Capra_hircus,goat,21
GCA_001746935.2,Aves,Setophaga_coronata,myrtle_warbler,1
GCA_001858045.3,Actinopteri,Oreochromis_niloticus,Nile_tilapia,1
GCA_001883655.1,Mammalia,Lycaon_pictus,African_hunting_dog,12
GCA_001887795.1,Aves,Columba_livia,rock_pigeon,1
GCA_001904815.2,Actinopteri,Paralichthys_olivaceus,Japanese_flounder,1
GCA_002007445.3,Mammalia,Ailuropoda_melanoleuca,giant_panda,12
GCA_002021735.2,Actinopteri,Oncorhynchus_kisutch,coho_salmon,11
GCA_002078875.2,Aves,Numida_meleagris,helmeted_guineafowl,2
GCA_002201575.2,Mammalia,Neomonachus_schauinslandi,Hawaiian_monk_seal,3
GCA_002234675.1,Actinopteri,Oryzias_latipes,Japanese_medaka,1
GCA_002263795.3,Mammalia,Bos_taurus,cattle,21
GCA_002775205.2,Actinopteri,Xiphophorus_maculatus,southern_platyfish,1
GCA_002776525.5,Mammalia,Piliocolobus_tephrosceles,Ugandan_red_Colobus,22
GCA_002837175.5,Mammalia,Physeter_catodon,sperm_whale,1
GCA_002863925.1,Mammalia,Equus_caballus,horse,24
GCA_002915635.3,Caudata,Ambystoma_mexicanum,axolotl,70
GCA_002922805.2,Actinopteri,Oryzias_melastigma,Indian_medaka,1
GCA_003047355.2,Actinopteri,Amphiprion_percula,orange_clownfish,4
GCA_003255815.1,Mammalia,Theropithecus_gelada,gelada,28
GCA_003331165.2,Actinopteri,Xiphophorus_hellerii,green_swordtail,1
GCA_003339765.3,Mammalia,Macaca_mulatta,Rhesus_monkey,29
GCA_003368295.1,Actinopteri,Carassius_auratus,goldfish,10
GCA_003400415.2,Squamata,Crotalus_viridis,prairie_rattlesnake,1
GCA_003668045.2,Mammalia,Cricetulus_griseus,Chinese_hamster,35
GCA_003704035.3,Mammalia,Peromyscus_maniculatus,prairie_deer_mouse,35
GCA_003704135.2,Mammalia,Peromyscus_polionotus,oldfield_mouse,31
GCA_003711565.2,Actinopteri,Takifugu_flavidus,sansaifugu,6
GCA_003829775.2,Aves,Junco_hyemalis,dark-eyed_junco,3
GCA_003957555.2,Aves,Calypte_anna,Annas_hummingbird,8
GCA_003957565.4,Aves,Taeniopygia_guttata,zebra_finch,7
GCA_003999625.1,Actinopteri,Oryzias_javanicus,javanese_ricefish,1
GCA_004010195.1,Chondrichthyes,Chiloscyllium_plagiosum,whitespotted_bambooshark,0
GCA_004023545.1,Actinopteri,Lateolabrax_maculatus,spotted_sea_bass,2
GCA_004026145.2,Actinopteri,Takifugu_bimaculatus,bony_fishes,4
GCA_004027225.2,Aves,Strigops_habroptila,Kakapo,1
GCA_004115215.4,Mammalia,Ornithorhynchus_anatinus,platypus,7
GCA_004115265.3,Mammalia,Rhinolophus_ferrumequinum,greater_horseshoe_bat,17
GCA_004119915.2,Actinopteri,Collichthys_lucidus,big_head_croaker,7
GCA_004126475.3,Mammalia,Phyllostomus_discolor,pale_spear-nosed_bat,25
GCA_004329235.1,Squamata,Podarcis_muralis,Common_wall_lizard,37
GCA_004354835.1,Actinopteri,Perca_flavescens,yellow_perch,1
GCA_004664715.2,Mammalia,Peromyscus_leucopus,white-footed_mouse,33
GCA_004786255.1,Anura,Pyxicephalus_adspersus,frogs_and_toads,98
GCA_005281545.1,Actinopteri,Epinephelus_lanceolatus,giant_grouper,2
GCA_005870125.1,Aves,Lonchura_striata,Bengalese_finch,2
GCA_005887515.3,Mammalia,Bos_grunniens,domestic_yak,14
GCA_006149115.2,Actinopteri,Oncorhynchus_nerka,sockeye_salmon,9
GCA_006182925.3,Actinopteri,Reinhardtius_hippoglossoides,Greenland_flounder,2
GCA_006229205.1,Mammalia,Suricata_suricatta,meerkat,16
GCA_006386435.1,Actinopteri,Epinephelus_moara,kelp_grouper,2
GCA_006542625.1,Mammalia,Nomascus_leucogenys,northern_white-cheeked_gibbon,21
GCA_007364275.2,Actinopteri,Archocentrus_centrarchus,flier_cichlid,1
GCA_007399415.1,Testudines,Gopherus_evgoodei,Goodes_thornscrub_tortoise,11
GCA_007474595.2,Mammalia,Lynx_canadensis,Canada_lynx,14
GCA_007565055.1,Mammalia,Rhinopithecus_roxellana,golden_snub-nosed_monkey,24
GCA_007646695.3,Mammalia,Thylacinus_cynocephalus,Tasmanian_wolf,14
GCA_007896545.1,Actinopteri,Kryptolebias_hermaphroditus,bony_fishes,2
GCA_008315115.2,Actinopteri,Sander_lucioperca,pikeperch,2
GCA_008360975.2,Aves,Lichenostomus_cassidix,helmeted_honeyeater,19
GCA_008369825.1,Actinopteri,Triplophysa_tibetana,bony_fishes,7
GCA_008632895.1,Mammalia,Mastomys_coucha,southern_multimammate_mouse,31
GCA_008658365.1,Aves,Alca_torda,razorbill,2
GCA_008692025.1,Mammalia,Phocoena_sinus,vaquita,0
GCA_008692095.1,Actinopteri,Etheostoma_spectabile,orangethroat_darter,1
GCA_008728515.2,Mammalia,Papio_anubis,olive_baboon,29
GCA_008729295.2,Actinopteri,Plectropomus_leopardus,leopard_coralgrouper,4
GCA_008782695.1,Mammalia,Muntiacus_muntjak,muntjak,24
GCA_009650955.1,Aves,Corvus_moneduloides,New_Caledonian_crow,10
GCA_009667805.1,Anura,Leptobrachium_leishanense,Leishan_spiny_toad,135
GCA_009733165.1,Squamata,Naja_naja,Indian_cobra,0
GCA_009741485.1,Aves,Malurus_cyaneus,Superb_fairywren,11
GCA_009760805.1,Mammalia,Lepus_timidus,Mountain_hare,25
GCA_009762305.2,Mammalia,Zalophus_californianus,California_sea_lion,5
GCA_009762535.1,Actinopteri,Notolabrus_celidotus,New_Zealand_spotty,4
GCA_009764475.2,Chondrichthyes,Pristis_pectinata,smalltooth_sawfish,0
GCA_009764565.4,Testudines,Dermochelys_coriacea,leatherback_sea_turtle,1
GCA_009764595.1,Aves,Geothlypis_trichas,common_yellowthroat,20
GCA_009769465.1,Aves,Tauraco_erythrolophus,red-crested_turaco,3
GCA_009769525.1,Aves,Pterocles_gutturalis,yellow-throated_sandgrouse,1
GCA_009769535.1,Squamata,Thamnophis_elegans,Western_terrestrial_garter_snake,0
GCA_009769545.1,Actinopteri,Cyclopterus_lumpus,lumpfish,2
GCA_009769605.1,Aves,Bucorvus_abyssinicus,Abyssinian_ground-hornbill,2
GCA_009769625.2,Aves,Cygnus_olor,mute_swan,3
GCA_009806435.2,Mammalia,Oryctolagus_cuniculus,rabbit,30
GCA_009819535.1,Squamata,Lacerta_agilis,lizards_and_snakes,28
GCA_009819595.1,Aves,Merops_nubicus,carmine_bee-eater,5
GCA_009819605.1,Aves,Sterna_hirundo,Common_tern,3
GCA_009819655.1,Aves,Sylvia_atricapilla,blackcap,13
GCA_009819775.1,Aves,Phoenicopterus_ruber,American_flamingo,1
GCA_009819795.1,Aves,Aythya_fuligula,tufted_duck,4
GCA_009819825.1,Aves,Cariama_cristata,Red-legged_seriema,2
GCA_009823395.1,Actinopteri,Thamnaconus_septentrionalis,bony_fishes,4
GCA_009829125.3,Actinopteri,Periophthalmus_magnuspinnatus,bony_fishes,3
GCA_009829145.1,Aves,Chiroxiphia_lanceolata,lance-tailed_manakin,13
GCA_009829155.1,Mammalia,Mustela_erminea,ermine,13
GCA_009834535.1,Mammalia,Camelus_ferus,Wild_Bactrian_camel,11
GCA_009873245.3,Mammalia,Balaenoptera_musculus,Blue_whale,2
GCA_010411085.1,Mammalia,Cervus_hanglu,Yarkand_deer,20
GCA_010909765.2,Chondrichthyes,Amblyraja_radiata,thorny_skate,0
GCA_010993605.1,Hyperoartia,Petromyzon_marinus,sea_lamprey,0
GCA_011064425.1,Mammalia,Rattus_rattus,black_rat,37
GCA_011074415.1,Aves,Stictonetta_naevosa,freckled_duck,2
GCA_011075105.1,Aves,Heteronetta_atricapilla,birds,3
GCA_011076525.1,Aves,Nettapus_auritus,birds,2
GCA_011077185.1,Aves,Oxyura_jamaicensis,ruddy_duck,3
GCA_011100555.2,Mammalia,Callithrix_jacchus,white-tufted-ear_marmoset,23
GCA_011100635.1,Mammalia,Trichosurus_vulpecula,common_brushtail,44
GCA_011125445.2,Actinopteri,Fundulus_heteroclitus,mummichog,2
GCA_011397635.1,Actinopteri,Epinephelus_fuscoguttatus,brown-marbled_grouper,4
GCA_011421415.1,Aves,Poecile_atricapillus,Black-capped_chickadee,3
GCA_011762505.1,Mammalia,Arvicanthis_niloticus,Nile_rat,39
GCA_011762595.1,Mammalia,Tursiops_truncatus,common_bottlenose_dolphin,0
GCA_011800845.1,Squamata,Zootoca_vivipara,common_lizard,30
GCA_011952075.1,Actinopteri,Siniperca_knerii,big-eye_mandarin_fish,1
GCA_011952105.1,Actinopteri,Coreoperca_whiteheadi,bony_fishes,1
GCA_012275295.1,Aves,Melopsittacus_undulatus,budgerigar,1
GCA_012411365.1,Actinopteri,Ameiurus_melas,black_bullhead,3
GCA_012432095.1,Actinopteri,Onychostoma_macrolepis,bony_fishes,4
GCA_012460135.3,Aves,Molothrus_ater,birds,9
GCA_012559485.3,Mammalia,Macaca_fascicularis,crab-eating_macaque,29
GCA_013036085.2,Actinopteri,Poecilia_formosa,Amazon_molly,1
GCA_013100865.1,Testudines,Trachemys_scripta,red-eared_slider_turtle,9
GCA_013103735.1,Actinopteri,Etheostoma_cragini,Arkansas_darter,1
GCA_013133815.1,Actinopteri,Cromileptes_altivelis,humpback_grouper,4
GCA_013265735.3,Actinopteri,Oncorhynchus_mykiss,rainbow_trout,16
GCA_013347855.1,Actinopteri,Anguilla_anguilla,European_eel,4
GCA_013358685.1,Actinopteri,Antennarius_maculatus,warty_frogfish,2
GCA_013358815.1,Actinopteri,Electrophorus_electricus,electric_eel,0
GCA_013358895.1,Actinopteri,Oreochromis_aureus,blue_tilapia,1
GCA_013368585.1,Actinopteri,Megalops_cyprinoides,Indo-Pacific_tarpon,3
GCA_013368605.1,Aves,Nyctibius_grandis,birds,3
GCA_013377495.2,Aves,Cygnus_atratus,black_swan,3
GCA_013398505.2,Aves,Rhegmatorhina_hoffmannsi,white-breasted_antbird,12
GCA_013407035.1,Aves,Coloeus_monedula,jackdaw,4
GCA_013435755.1,Actinopteri,Amphilophus_citrinellus,Midas_cichlid,1
GCA_013496395.1,Mammalia,Giraffa_tippelskirchi,even-toed_ungulates,14
GCA_014132575.2,Actinopteri,Gasterosteus_nipponicus,bony_fishes,2
GCA_014182915.2,Mammalia,Bos_gaurus,gaur,18
GCA_014183145.1,Actinopteri,Sciaenops_ocellatus,red_drum,4
GCA_014281875.1,Actinopteri,Nibea_albiflora,white_flower_croaker,3
GCA_014523465.1,Mammalia,Ovis_orientalis,Asiatic_mouflon,18
GCA_014621495.2,Hyperoartia,Entosphenus_tridentatus,Pacific_lamprey,0
GCA_014633375.1,Mammalia,Ochotona_princeps,American_pika,28
GCA_014673565.1,Actinopteri,Sebastes_schlegelii,Schlegels_black_rockfish,3
GCA_014805685.1,Actinopteri,Silurus_meridionalis,bony_fishes,7
GCA_014839685.1,Actinopteri,Anableps_anableps,largescale_foureyes,2
GCA_014839755.1,Aves,Sylvia_borin,garden_warbler,14
GCA_014839835.1,Aves,Dryobates_pubescens,Downy_woodpecker,3
GCA_014839995.1,Actinopteri,Xenentodon_cancila,freshwater_garfish,0
GCA_014858855.1,Anura,Bufo_gargarizans,Asiatic_toad,131
GCA_014905685.2,Actinopteri,Nematolebias_whitei,Rio_pearlfish,2
GCA_014905855.1,Mammalia,Homo_sapiens,human,23
GCA_015220075.1,Aves,Falco_rusticolus,gyrfalcon,2
GCA_015220235.1,Mammalia,Choloepus_didactylus,southern_two-toed_sloth,8
GCA_015220715.1,Actinopteri,Pygocentrus_nattereri,red-bellied_piranha,14
GCA_015220745.1,Actinopteri,Sebastes_umbrosus,honeycomb_rockfish,3
GCA_015220805.1,Aves,Pogoniulus_pusillus,Red-fronted_tinkerbird,7
GCA_015227675.2,Mammalia,Rattus_norvegicus,Norway_rat,36
GCA_015227805.3,Aves,Hirundo_rustica,Barn_swallow,10
GCA_015227895.2,Aves,Colaptes_auratus,northern_flicker,5
GCA_015237465.2,Testudines,Chelonia_mydas,Green_sea_turtle,1
GCA_015343265.1,Actinopteri,Pao_palembangensis,humpback_puffer,0
GCA_015476345.1,Aves,Anas_platyrhynchos,mallard,6
GCA_015532645.2,Aves,Fringilla_coelebs,chaffinch,3
GCA_015708825.1,Hyperoartia,Lethenteron_reissneri,Far_Eastern_brook_lamprey,0
GCA_015711505.1,Mammalia,Sylvilagus_bachmani,brush_rabbit,26
GCA_015741225.1,Mammalia,Hydrochoerus_hydrochaeris,capybara,31
GCA_015832195.1,Aves,Motacilla_alba,white_wagtail,13
GCA_015846415.1,Actinopteri,Triplophysa_dalaica,bony_fishes,5
GCA_015852505.1,Mammalia,Tachyglossus_aculeatus,Australian_echidna,3
GCA_015883425.2,Aves,Lamprotornis_superbus,birds,5
GCA_016077325.2,Mammalia,Equus_asinus,ass,23
GCA_016128335.2,Aves,Dromaius_novaehollandiae,emu,3
GCA_016161935.1,Testudines,Mauremys_reevesii,Reevess_turtle,13
GCA_016432855.1,Actinopteri,Salvelinus_namaycush,lake_trout,12
GCA_016432865.2,Mammalia,Antechinus_flavipes,yellow-footed_antechinus,21
GCA_016433145.1,Mammalia,Gracilinanus_agilis,Agile_Gracile_Mouse_Opossum,32
GCA_016509475.2,Mammalia,Prionailurus_bengalensis,leopard_cat,14
GCA_016699485.1,Aves,Gallus_gallus,chicken,3
GCA_016735935.1,Actinopteri,Mugilogobius_chulae,yellowstripe_goby,1
GCA_016772045.1,Mammalia,Ovis_aries,sheep,19
GCA_016801065.1,Squamata,Sceloporus_tristichus,plateau_fence_lizard,19
GCA_016801845.1,Actinopteri,Polydactylus_sextarius,blackspot_threadfin,4
GCA_016801885.1,Actinopteri,Toxotes_chatareus,largescale_archerfish,4
GCA_016801935.1,Actinopteri,Platichthys_stellatus,starry_flounder,4
GCA_016835505.1,Cladistia,Polypterus_senegalus,gray_bichir,1
GCA_016859285.1,Actinopteri,Xiphias_gladius,swordfish,3
GCA_016859345.1,Actinopteri,Istiophorus_platypterus,Indo-Pacific_sailfish,2
GCA_016881025.1,Mammalia,Ictidomys_tridecemlineatus,thirteen-lined_ground_squirrel,19
GCA_016904835.1,Aves,Acanthisitta_chloris,rifleman,4
GCA_016906955.1,Mammalia,Phacochoerus_africanus,Common_warthog,15
GCA_016920845.1,Actinopteri,Gasterosteus_aculeatus,three-spined_stickleback,3
GCA_017165825.1,Actinopteri,Hepsetus_odoe,African_pike_characin,6
GCA_017589495.2,Actinopteri,Alosa_alosa,allis_shad,3
GCA_017591415.1,Actinopteri,Amia_calva,bowfin,1
GCA_017591445.1,Mammalia,Giraffa_camelopardalis,giraffe,22
GCA_017639245.1,Aves,Myiopsitta_monachus,monk_parakeet,1
GCA_017639355.1,Aves,Amazona_aestiva,blue-fronted_amazon,2
GCA_017639485.1,Aves,Pluvialis_apricaria,birds,4
GCA_017639515.1,Chondrichthyes,Carcharodon_carcharias,great_white_shark,0
GCA_017639555.1,Aves,Ciconia_maguari,birds,2
GCA_017639655.1,Aves,Falco_naumanni,lesser_kestrel,3
GCA_017639675.1,Actinopteri,Aplochiton_taeniatus,bony_fishes,7
GCA_017639745.1,Actinopteri,Melanotaenia_boesemani,Boesemans_rainbowfish,2
GCA_017654505.1,Actinopteri,Polyodon_spathula,Mississippi_paddlefish,8
GCA_017654675.1,Anura,Xenopus_laevis,African_clawed_frog,50
GCA_017976325.1,Actinopteri,Chelmon_rostratus,copperband_butterflyfish,3
GCA_017976375.1,Aves,Cuculus_canorus,common_cuckoo,5
GCA_017976425.1,Actinopteri,Toxotes_jaculatrix,banded_archerfish,4
GCA_018104995.1,Aves,Cairina_moschata,Muscovy_duck,4
GCA_018136845.1,Actinopteri,Heterotis_niloticus,African_bonytongue,6
GCA_018139145.2,Aves,Gymnogyps_californianus,California_condor,2
GCA_018296145.1,Actinopteri,Oncorhynchus_tshawytscha,Chinook_salmon,13
GCA_018320785.1,Actinopteri,Cheilinus_undulatus,humphead_wrasse,3
GCA_018340385.1,Actinopteri,Cyprinus_carpio,common_carp,7
GCA_018345385.1,Mammalia,Vulpes_lagopus,Arctic_fox,17
GCA_018350155.1,Mammalia,Leopardus_geoffroyi,Geoffroy's_cat,0
GCA_018350175.1,Mammalia,Felis_catus,domestic_cat,13
GCA_018350195.2,Mammalia,Panthera_tigris,tiger,14
GCA_018350215.1,Mammalia,Panthera_leo,lion,13
GCA_018466805.1,Actinopteri,Hippocampus_abdominalis,big-belly_seahorse,0
GCA_018492685.1,Actinopteri,Alosa_sapidissima,American_shad,3
GCA_018555375.2,Actinopteri,Anguilla_rostrata,American_eel,3
GCA_018697195.1,Aves,Certhia_americana,birds,3
GCA_018749465.1,Actinopteri,Paracanthobrama_guichenoti,bony_fishes,3
GCA_018812025.1,Actinopteri,Megalobrama_amblycephala,Wuchang_bream,3
GCA_018831695.1,Actinopteri,Puntigrus_tetrazona,Sumatra_barb,3
GCA_018994145.1,Anura,Leptobrachium_ailaonicum,Yunnan_mustache_toad,102
GCA_019023105.1,Aves,Diglossa_brunneiventris,black-throated_flowerpiercer,10
GCA_019097595.1,Actinopteri,Hemibagrus_wyckioides,bony_fishes,4
GCA_019155185.1,Actinopteri,Beaufortia_kweichowensis,bony_fishes,2
GCA_019175285.1,Squamata,Sceloporus_undulatus,fence_lizard,23
GCA_019176425.1,Actinopteri,Megalops_atlanticus,tarpon,5
GCA_019176455.1,Actinopteri,Solea_senegalensis,Senegalese_sole,1
GCA_019279795.1,Ceratodontoidei,Protopterus_annectens,West_African_lungfish,18
GCA_019320065.1,Mammalia,Cervus_canadensis,even-toed_ungulates,23
GCA_019393635.1,Mammalia,Dromiciops_gliroides,monito_del_monte,25
GCA_019425775.1,Testudines,Rafetus_swinhoei,Swinhoes_soft-shelled_turtle,8
GCA_019447015.1,Anura,Hymenochirus_boettgeri,Congo_dwarf_clawed_frog,45
GCA_019453435.1,Actinopteri,Rhinogobius_similis,barecheek_goby,1
GCA_019472885.1,Squamata,Hydrophis_curtus,Shaw's_sea_snake,0
GCA_019473425.1,Squamata,Hydrophis_cyanocinctus,Asian_annulated_sea_snake,0
GCA_019512145.1,Anura,Engystomops_pustulosus,Tungara_frog,185
GCA_019677235.1,Actinopteri,Micropterus_salmoides,largemouth_bass,1
GCA_019703515.2,Actinopteri,Myxocyprinus_asiaticus,Chinese_sucker,9
GCA_019740435.1,Actinopteri,Gambusia_affinis,western_mosquitofish,1
GCA_019802545.1,Actinopteri,Phyllopteryx_taeniolatus,common_seadragon,1
GCA_019802595.1,Actinopteri,Syngnathoides_biaculeatus,alligator_pipefish,1
GCA_019857665.1,Anura,Eleutherodactylus_coqui,Puerto_Rican_coqui,191
GCA_019903745.2,Mammalia,Rangifer_tarandus,reindeer,20
GCA_019923935.1,Mammalia,Bubalus_bubalis,water_buffalo,20
GCA_019924925.1,Actinopteri,Ctenopharyngodon_idella,grass_carp,3
GCA_019924945.1,Mammalia,Felis_chaus,jungle_cat,13
GCA_019925145.1,Actinopteri,Hypophthalmichthys_nobilis,bighead_carp,0
GCA_020085105.1,Actinopteri,Siniperca_chuatsi,mandarin_fish,1
GCA_020091685.1,Actinopteri,Lutjanus_erythropterus,crimson_snapper,4
GCA_020142125.1,Squamata,Phrynosoma_platyrhinos,Desert_horned_lizard,10
GCA_020171115.1,Mammalia,Neogale_vison,American_mink,14
GCA_020184715.1,Actinopteri,Danio_rerio,zebrafish,7
GCA_020226045.1,Mammalia,Muntiacus_reevesi,Reeves'_muntjac,0
GCA_020226075.1,Mammalia,Hydropotes_inermis,Chinese_water_deer,17
GCA_020276665.1,Mammalia,Muntiacus_crinifrons,black_muntjac,24
GCA_020382885.1,Actinopteri,Scatophagus_argus,bony_fishes,3
GCA_020466265.1,Actinopteri,Siphamia_tubifer,tuber_cardinalfish,4
GCA_020497125.1,Testudines,Mauremys_mutica,yellowpond_turtle,11
GCA_020510985.1,Actinopteri,Pholidichthys_leucotaenia,bony_fishes,2
GCA_020615455.1,Actinopteri,Coregonus_clupeaformis,lake_whitefish,8
GCA_020698575.1,Actinopteri,Bostrychus_sinensis,four-eyed_sleeper,3
GCA_020740605.1,Mammalia,Lemur_catta,Ring-tailed_lemur,27
GCA_020740685.1,Mammalia,Jaculus_jaculus,lesser_Egyptian_jerboa,26
GCA_020740725.1,Aves,Corvus_hawaiiensis,hawaiian_crow,9
GCA_020740795.1,Aves,Apus_apus,common_swift,12
GCA_020745685.1,Actinopteri,Tautogolabrus_adspersus,cunner,4
GCA_020745705.1,Aves,Hemiprocne_comata,birds,3
GCA_020745735.1,Chondrichthyes,Hemiscyllium_ocellatum,epaulette_shark,0
GCA_020745775.1,Aves,Theristicus_caerulescens,plumbeous_ibis,2
GCA_020745825.3,Aves,Agelaius_phoeniceus,red-winged_blackbird,12
GCA_020746105.1,Aves,Trogon_surrucura,Suruca_trogon,10
GCA_020800305.1,Aves,Porphyrio_hochstetteri,South_Island_takahe,2
GCA_020826845.1,Mammalia,Diceros_bicornis,black_rhinoceros,27
GCA_020854095.1,Mammalia,Dasyurus_viverrinus,eastern_quoll,21
GCA_020976825.1,Mammalia,Odocoileus_hemionus,mule_deer,21
GCA_021018805.1,Aves,Prinia_subflava,tawny-flanked_prinia,13
GCA_021018895.1,Actinopteri,Seriola_aureovittata,bony_fishes,2
GCA_021028975.2,Squamata,Sphaerodactylus_townsendi,lizards_&_snakes,0
GCA_021184085.1,Actinopteri,Oncorhynchus_gorbuscha,pink_salmon,8
GCA_021288785.3,Mammalia,Mirounga_angustirostris,Northern_elephant_seal,3
GCA_021292165.1,Squamata,Shinisaurus_crocodilurus,lizards_&_snakes,0
GCA_021292245.1,Actinopteri,Micropterus_dolomieu,smallmouth_bass,1
GCA_021346845.1,Actinopteri,Apeltes_quadracus,fourspine_stickleback,5
GCA_021347895.1,Actinopteri,Acanthochromis_polyacanthus,spiny_chromis,4
GCA_021442165.1,Mammalia,Ceratotherium_simum,northern_white_rhinoceros,27
GCA_021462225.2,Actinopteri,Girardinichthys_multiradiatus,bony_fishes,1
GCA_021464625.1,Actinopteri,Proterorhinus_semilunaris,tubenose_goby,1
GCA_021498455.1,Mammalia,Colobus_guereza,mantled_guereza,26
GCA_021498465.1,Mammalia,Hylobates_pileatus,pileated_gibbon,22
GCA_021498475.1,Mammalia,Saguinus_midas,Midas_tamarin,22
GCA_021554675.1,Actinopteri,Leuciscus_idus,ide,3
GCA_021613375.1,Actinopteri,Megaleporinus_macrocephalus,bony_fishes,11
GCA_021613505.1,Mammalia,Equus_quagga,plains_zebra,24
GCA_021869965.1,Chondrichthyes,Rhincodon_typus,whale_shark,0
GCA_021917145.1,Actinopteri,Hypomesus_transpacificus,delta_smelt,6
GCA_022316705.1,Chondrichthyes,Stegostoma_fasciatum,sharks_&_rays,0
GCA_022355385.1,Mammalia,Mustela_nigripes,black-footed_ferret,13
GCA_022379125.1,Actinopteri,Scophthalmus_maximus,turbot,2
GCA_022458985.1,Actinopteri,Mugil_cephalus,flathead_mullet,0
GCA_022539315.2,Aves,Serinus_canaria,Common_canary,7
GCA_022539355.2,Actinopteri,Hippoglossus_stenolepis,Pacific_halibut,2
GCA_022539595.1,Actinopteri,Amphiprion_ocellaris,clown_anemonefish,6
GCA_022655615.1,Actinopteri,Tachysurus_fulvidraco,yellow_catfish,5
GCA_022682495.1,Mammalia,Desmodus_rotundus,common_vampire_bat,8
GCA_022702415.1,Actinopteri,Ilyophis_sp._JC_2022_1,bony_fishes,4
GCA_022702515.1,Actinopteri,Ilyophis_sp._1_JC-2022,bony_fishes,4
GCA_022702525.1,Actinopteri,Ilyophis_sp._2_JC-2022,bony_fishes,4
GCA_022758105.1,Actinopteri,Pangasianodon_gigas,Mekong_giant_catfish,6
GCA_022817975.1,Actinopteri,Hypophthalmichthys_molitrix,silver_carp,3
GCA_022828995.1,Actinopteri,Vimba_vimba,vimba_bream,3
GCA_022829025.1,Actinopteri,Squalius_cephalus,European_chub,3
GCA_022829085.1,Actinopteri,Abramis_brama,common_bream,3
GCA_022829145.1,Actinopteri,Albula_goreensis,bony_fishes,4
GCA_022837055.1,Mammalia,Prionailurus_viverrinus,fishing_cat,14
GCA_022985145.1,Actinopteri,Pangasius_djambal,bony_fishes,6
GCA_022985175.1,Actinopteri,Labeo_rohita,rohu,4
GCA_023029165.1,Actinopteri,Gobiocypris_rarus,bony_fishes,3
GCA_023065765.1,Mammalia,Hexaprotodon_liberiensis,pygmy_hippopotamus,17
GCA_023065955.2,Mammalia,Ursus_arctos,brown_bear,18
GCA_023079485.1,Aves,Archilochus_colubris,birds,11
GCA_023091745.2,Mammalia,Budorcas_taxicolor,takin,19
GCA_023159225.1,Mammalia,Perognathus_longimembris,Pacific_pocket_mouse,26
GCA_023238725.1,Actinopteri,Scortum_barcoo,barcoo_grunter,4
GCA_023343835.1,Aves,Lagopus_muta,rock_ptarmigan,2
GCA_023373465.1,Actinopteri,Oncorhynchus_keta,chum_salmon,9
GCA_023373845.1,Actinopteri,Nibea_coibor,bony_fishes,4
GCA_023375685.2,Actinopteri,Ictalurus_furcatus,blue_catfish,5
GCA_023375975.1,Actinopteri,Astyanax_mexicanus,Mexican_tetra,18
GCA_023376015.1,Aves,Sturnus_vulgaris,Common_starling,6
GCA_023376895.1,Actinopteri,Aspiorhynchus_laticeps,big-head_schizothoracin,5
GCA_023566125.1,Actinopteri,Zingel_zingel,zingel,1
GCA_023566225.1,Actinopteri,Romanogobio_albipinnatus,white-finned_gudgeon,3
GCA_023566465.1,Actinopteri,Cottus_gobio,bullhead,2
GCA_023630585.1,Actinopteri,Cranoglanis_bouderius,bony_fishes,4
GCA_023631565.1,Actinopteri,Gymnocephalus_cernua,ruffe,2
GCA_023634085.1,Aves,Falco_cherrug,Saker_falcon,2
GCA_023634145.1,Actinopteri,Thymallus_thymallus,grayling,9
GCA_023634155.1,Aves,Falco_peregrinus,peregrine_falcon,2
GCA_023638135.1,Aves,Falco_biarmicus,lanner_falcon,2
GCA_023653725.1,Squamata,Bungarus_multicinctus,many-banded_krait,2
GCA_023653815.1,Testudines,Caretta_caretta,Loggerhead_turtle,3
GCA_023658055.1,Actinopteri,Thaleichthys_pacificus,eulachon,4
GCA_023699985.2,Mammalia,Odocoileus_virginianus,white-tailed_deer,21
GCA_023718395.1,Actinopteri,Leucaspius_delineatus,sunbleak,3
GCA_023721935.1,Mammalia,Panthera_uncia,snow_leopard,13
GCA_023724105.1,Actinopteri,Carassius_gibelio,silver_crucian_carp,6
GCA_023851605.1,Mammalia,Tamandua_tetradactyla,southern_tamandua,6
GCA_023856365.1,Actinopteri,Brienomyrus_brachyistius,bony_fishes,2
GCA_023856395.1,Mammalia,Phodopus_sungorus,rodents,31
GCA_023898255.1,Mammalia,Nycticebus_bengalensis,Bengal_slow_loris,20
GCA_023969325.1,Actinopteri,Oryzias_curvinotus,bony_fishes,1
GCA_023974075.1,Actinopteri,Chaenocephalus_aceratus,blackfin_icefish,1
GCA_024139225.1,Mammalia,Suncus_etruscus,white-toothed_pygmy_shrew,29
GCA_024166365.1,Mammalia,Elephas_maximus,Asiatic_elephant,21
GCA_024217435.4,Actinopteri,Syngnathus_scovelli,Gulf_pipefish,1
GCA_024256425.2,Actinopteri,Clarias_gariepinus,North_African_catfish,3
GCA_024291935.2,Mammalia,Okapia_johnstoni,okapi,16
GCA_024294585.1,Squamata,Vipera_latastei,snakes,1
GCA_024363595.1,Anura,Xenopus_borealis,Kenyan_clawed_frog,50
GCA_024416835.2,Actinopteri,Perccottus_glenii,Chinese_sleeper,0
GCA_024453875.1,Actinopteri,Scardinius_erythrophthalmus,rudd,3
GCA_024489055.1,Actinopteri,Chanodichthys_erythropterus,predatory_carp,3
GCA_024500275.1,Actinopteri,Phycodurus_eques,leafy_seadragon,1
GCA_024500485.1,Mammalia,Vulpes_ferrilata,Tibetan_sand_fox,17
GCA_024509145.1,Aves,Vidua_macroura,Pin-tailed_whydah,3
GCA_024542745.1,Mammalia,Macaca_thibetana,Pere_David's_macaque,0
GCA_024666655.1,Actinopteri,Dascyllus_trimaculatus,three_spot_damselfish,6
GCA_024679245.1,Actinopteri,Pseudorasbora_parva,stone_moroko,3
GCA_024760905.1,Actinopteri,Plotosus_lineatus,striped_eel_catfish,4
GCA_024868665.1,Actinopteri,Triplophysa_rosa,bony_fishes,3
GCA_025169545.1,Actinopteri,Anguilla_japonica,Japanese_eel,4
GCA_025201925.1,Testudines,Gopherus_flavomarginatus,Mexican_gopher_tortoise,10
GCA_025265405.1,Mammalia,Mesoplodon_densirostris,Blainville's_beaked_whale,0
GCA_025388735.1,Aves,Anser_cygnoides,Swan_goose,3
GCA_025434085.3,Actinopteri,Hippocampus_zosterae,dwarf_seahorse,1
GCA_025583725.1,Aves,Anser_indicus,Bar-headed_goose,3
GCA_025594165.1,Mammalia,Tamias_sibiricus,Siberian_chipmunk,20
GCA_025617405.1,Actinopteri,Perca_schrenkii,Balkhash_perch,2
GCA_025860055.1,Actinopteri,Xyrauchen_texanus,razorback_sucker,10
GCA_026122265.1,Actinopteri,Ammodytes_dubius,northern_sand_lance,5
GCA_026122505.1,Testudines,Aldabrachelys_gigantea,Aldabra_giant_tortoise,16
GCA_026213295.1,Actinopteri,Gadus_chalcogrammus,walleye_pollock,0
GCA_026259375.1,Actinopteri,Verasper_variegatus,spotted_halibut,2
GCA_026261665.1,Actinopteri,Melanotaenia_duboulayi,Duboulay's_rainbowfish,0
GCA_026413225.1,Aves,Otis_tarda,great_bustard,4
GCA_026413565.1,Aves,Aythya_baeri,Baer's_pochard,0
GCA_026419915.1,Aves,Harpia_harpyja,harpy_eagle,2
GCA_026419965.1,Mammalia,Kogia_breviceps,pygmy_sperm_whale,0
GCA_026652325.1,Caudata,Pleurodeles_waltl,Iberian_ribbed_newt,68
GCA_026686955.1,Actinopteri,Epinephelus_cyanopodus,specked_blue_grouper,4
GCA_026929865.2,Actinopteri,Hyperoplus_lanceolatus,great_sand-eel,2
GCA_026937815.1,Actinopteri,Etheostoma_perlongum,Waccamaw_darter,1
GCA_026956025.1,Mammalia,Macaca_cyclopis,Taiwan_macaque,28
GCA_026979565.1,Aves,Vidua_chalybeata,birds,7
GCA_027123335.1,Actinopteri,Amphiprion_clarkii,yellowtail_clownfish,6
GCA_027172205.1,Squamata,Podarcis_raffonei,Aeolian_wall_lizard,28
GCA_027244095.1,Squamata,Hemicordylus_capensis,graceful_crag_lizard,21
GCA_027358585.1,Actinopteri,Pangasianodon_hypophthalmus,striped_catfish,5
GCA_027358695.2,Anura,Spea_bombifrons,plains_spadefoot_toad,64
GCA_027406575.1,Mammalia,Nycticebus_coucang,slow_loris,22
GCA_027409185.1,Mammalia,Cynocephalus_volans,Philippine_flying_lemur,18
GCA_027409825.1,Actinopteri,Scomber_japonicus,chub_mackerel,3
GCA_027422405.1,Actinopteri,Ptychobarbus_kaznakovi,bony_fishes,4
GCA_027422415.1,Actinopteri,Schizothorax_lantsangensis,bony_fishes,4
GCA_027422435.1,Actinopteri,Schizopygopsis_pylzovi,bony_fishes,4
GCA_027474115.1,Actinopteri,Schizopygopsis_malacanthus,bony_fishes,4
GCA_027474245.1,Aves,Spheniscus_humboldti,Humboldt's_penguin,0
GCA_027475355.1,Actinopteri,Coilia_nasus,Japanese_grenadier_anchovy,3
GCA_027475565.2,Mammalia,Acinonyx_jubatus,cheetah,10
GCA_027477595.1,Aves,Haemorhous_mexicanus,house_finch,19
GCA_027559615.1,Aves,Acridotheres_tristis,common_myna,8
GCA_027563665.1,Mammalia,Antrozous_pallidus,pallid_bat,18
GCA_027564155.1,Actinopteri,Gymnocypris_eckloni,Yellow_River_scaleless_carp,4
GCA_027574615.1,Mammalia,Eptesicus_fuscus,big_brown_bat,28
GCA_027574665.1,Aves,Rhynochetos_jubatus,kagu,2
GCA_027579445.1,Aves,Ammospiza_nelsoni,birds,14
GCA_027579695.1,Actinopteri,Neoarius_graeffei,lesser_salmon_catfish,3
GCA_027579735.1,Anura,Bombina_bombina,fire-bellied_toad,91
GCA_027580175.1,Actinopteri,Siniperca_scherzeri,leopard_mandarin_fish,1
GCA_027580195.1,Mammalia,Bos_mutus,wild_yak,22
GCA_027580225.1,Actinopteri,Misgurnus_anguillicaudatus,oriental_weatherfish,5
GCA_027595985.1,Mammalia,Sorex_araneus,European_shrew,53
GCA_027596085.2,Actinopteri,Anoplopoma_fimbria,sablefish,3
GCA_027704905.1,Actinopteri,Muraenolepis_orangiensis,Patagonian_moray_cod,2
GCA_027744805.2,Actinopteri,Dunckerocampus_dactyliophorus,ringed_pipefish,3
GCA_027744825.1,Actinopteri,Synchiropus_splendidus,mandarinfish,8
GCA_027789765.1,Anura,Dendropsophus_ebraccatus,hourglass_treefrog,246
GCA_027791375.2,Aves,Indicator_indicator,birds,3
GCA_027887145.1,Aves,Ammodramus_caudacutus,birds,14
GCA_027887155.1,Testudines,Malaclemys_terrapin,diamondback_terrapin,8
GCA_027887165.1,Mammalia,Monodelphis_domestica,gray_short-tailed_opossum,24
GCA_027917425.1,Anura,Gastrophryne_carolinensis,eastern_narrow-mouthed_toad,31
GCA_027942865.1,Actinopteri,Odontesthes_bonariensis,pejerrey,2
GCA_028017835.1,Testudines,Emys_orbicularis,European_pond_turtle,8
GCA_028018385.1,Mammalia,Neofelis_nebulosa,Clouded_leopard,13
GCA_028018845.1,Aves,Melospiza_georgiana,birds,20
GCA_028020825.1,Aves,Podargus_strigoides,tawny_frogmouth,2
GCA_028021215.1,Mammalia,Eschrichtius_robustus,grey_whale,1
GCA_028022725.1,Actinopteri,Lycodopsis_pacificus,blackbelly_eelpout,5
GCA_028022735.1,Aves,Gypaetus_barbatus,lammergeier,2
GCA_028023285.1,Mammalia,Balaenoptera_ricei,Rice's_whale,0
GCA_028031935.1,Actinopteri,Paedocypris_micromegethes,bony_fishes,3
GCA_028372415.1,Mammalia,Notamacropus_eugenii,tammar_wallaby,36
GCA_028389875.1,Aves,Rhea_pennata,lesser_rhea,2
GCA_028390025.1,Anura,Pseudophryne_corroboree,corroboree_frog,184
GCA_028451465.1,Mammalia,Erethizon_dorsatum,North_American_porcupine,27
GCA_028500815.1,Aves,Rissa_tridactyla,black-legged_kittiwake,3
GCA_028533065.1,Mammalia,Trachops_cirrhosus,bats,18
GCA_028533085.1,Mammalia,Varecia_variegata,ruffed_lemur,20
GCA_028533165.1,Mammalia,Leontopithecus_rosalia,golden_lion_tamarin,21
GCA_028533205.1,Mammalia,Lagorchestes_hirsutus,rufous_hare-wallaby,29
GCA_028533215.1,Mammalia,Babyrousa_celebensis,North_Sulawesi_babirusa,14
GCA_028533245.1,Mammalia,Helarctos_malayanus,Malayan_sun_bear,16
GCA_028533255.1,Mammalia,Tapirus_terrestris,Brazilian_tapir,18
GCA_028533295.1,Mammalia,Felis_nigripes,black-footed_cat,13
GCA_028533335.1,Mammalia,Chrysocyon_brachyurus,maned_wolf,14
GCA_028533385.1,Mammalia,Panthera_onca,jaguar,14
GCA_028533395.1,Mammalia,Rousettus_madagascariensis,Madagascan_rousette,13
GCA_028533765.1,Mammalia,Pteropus_rufus,Malagasy_flying_fox,14
GCA_028533875.1,Mammalia,Mungos_mungo,banded_mongoose,17
GCA_028533885.1,Mammalia,Nasua_narica,White-nosed_coati,16
GCA_028534055.1,Mammalia,Eulemur_mongoz,mongoose_lemur,18
GCA_028534125.1,Mammalia,Lama_glama,llama,12
GCA_028534135.1,Mammalia,Potos_flavus,kinkajou,17
GCA_028534165.1,Mammalia,Coendou_prehensilis,rodents,25
GCA_028551375.1,Mammalia,Tremarctos_ornatus,spectacled_bear,17
GCA_028551405.1,Mammalia,Uromys_caudimaculatus,giant_uromys,36
GCA_028551445.1,Mammalia,Miopithecus_talapoin,talapoin,29
GCA_028551515.1,Mammalia,Pithecia_pithecia,white-faced_saki,22
GCA_028564815.1,Mammalia,Eubalaena_glacialis,North_Atlantic_right_whale,1
GCA_028564925.1,Anura,Lithobates_sylvaticus,wood_frog,248
GCA_028571685.1,Mammalia,Heterohyrax_brucei,yellow-spotted_hyrax,30
GCA_028583105.1,Mammalia,Macropus_fuliginosus,western_gray_kangaroo,31
GCA_028583405.1,Actinopteri,Pogonophryne_albipinna,bony_fishes,2
GCA_028583425.1,Squamata,Eublepharis_macularius,Leopard_gecko,22
GCA_028583565.1,Mammalia,Ovis_ammon_polii,argali,16
GCA_028626985.1,Mammalia,Vombatus_ursinus,common_wombat,25
GCA_028627135.1,Mammalia,Pseudochirops_cupreus,coppery_ringtail_possum,49
GCA_028627145.1,Mammalia,Eidolon_dupreanum,Malagasy_straw-colored_fruit_bat,14
GCA_028627215.1,Mammalia,Macropus_giganteus,eastern_gray_kangaroo,37
GCA_028627265.1,Mammalia,Cercopithecus_mitis,blue_monkey,25
GCA_028640845.1,Squamata,Ahaetulla_prasina,snakes,2
GCA_028641065.1,Chondrichthyes,Leucoraja_erinacea,little_skate,0
GCA_028641955.1,Actinopteri,Protonibea_diacanthus,bony_fishes,3
GCA_028644305.1,Mammalia,Xerus_rutilus,unstriped_ground_squirrel,18
GCA_028645565.1,Mammalia,Papio_papio,Guinea_baboon,31
GCA_028646355.1,Mammalia,Arctocephalus_townsendi,Guadalupe_fur_seal,3
GCA_028646385.1,Mammalia,Steno_bredanensis,rough-toothed_dolphin,0
GCA_028646425.1,Mammalia,Grampus_griseus,Risso's_dolphin,0
GCA_028646465.1,Mammalia,Rhinoceros_unicornis,greater_Indian_rhinoceros,22
GCA_028646485.1,Mammalia,Cryptoprocta_ferox,fossa,14
GCA_028646515.1,Mammalia,Pseudochirops_corinnae,golden_ringtail_possum,44
GCA_028646535.1,Mammalia,Procyon_lotor,raccoon,15
GCA_028646575.1,Mammalia,Pseudocheirus_occidentalis,Western_ringtail_oppossum,45
GCA_028646595.1,Mammalia,Phalanger_gymnotis,marsupials,43
GCA_028658305.1,Mammalia,Pachyuromys_duprasi,fat-tailed_gerbil,27
GCA_028658325.1,Mammalia,Potorous_gilbertii,Gilbert's_potoroo,0
GCA_028769735.1,Aves,Zonotrichia_leucophrys,birds,13
GCA_028858705.1,Aves,Grus_americana,Whooping_crane,3
GCA_028858725.1,Aves,Colius_striatus,speckled_mousebird,4
GCA_028858755.1,Aves,Ara_ararauna,blue-and-yellow_macaw,2
GCA_028858775.1,Mammalia,Pan_troglodytes,chimpanzee,26
GCA_028878055.1,Mammalia,Symphalangus_syndactylus,siamang,22
GCA_028885625.1,Mammalia,Pongo_pygmaeus,Bornean_orangutan,26
GCA_028885655.1,Mammalia,Pongo_abelii,Sumatran_orangutan,24
GCA_028975605.1,Mammalia,Pusa_sibirica,Baikal_seal,6
GCA_029042245.1,Aves,Aythya_marila,greater_scaup,4
GCA_029206835.1,Anura,Rana_muscosa,mountain_yellow-legged_frog,180
GCA_029220125.1,Actinopteri,Pseudoliparis_swirei,bony_fishes,3
GCA_029224185.1,Actinopteri,Karalla_daura,goldstripe_ponyfish,1
GCA_029281585.1,Mammalia,Gorilla_gorilla,western_lowland_gorilla,25
GCA_029289425.1,Mammalia,Pan_paniscus,pygmy_chimpanzee,24
GCA_029407905.2,Mammalia,Bubalus_carabanensis,carabao,18
GCA_029410595.1,Mammalia,Martes_flavigula,yellow-throated_marten,15
GCA_029448725.1,Actinopteri,Salvelinus_fontinalis,brook_trout,10
GCA_029465975.1,Actinopteri,Dallia_pectoralis,Alaska_blackfish,4
GCA_029490765.1,Actinopteri,Euthynnus_affinis,eastern_little_tuna,3
GCA_029499605.1,Anura,Hyla_sarda,Sardinian_treefrog,126
GCA_029574335.1,Anura,Rana_kukunoris,plateau_brown_frog,211
GCA_029582105.1,Aves,Oenanthe_melanoleuca,birds,9
GCA_029620275.1,Actinopteri,Acrossocheilus_wenchowensis,bony_fishes,4
GCA_029633865.1,Actinopteri,Lampris_incognitus,smalleye_Pacific_opah,1
GCA_029633875.1,Actinopteri,Hoplias_malabaricus,trahira,4
GCA_029692045.1,Actinopteri,Conger_conger,European_conger,2
GCA_029692085.1,Actinopteri,Gymnothorax_javanicus,giant_moray,1
GCA_029718625.1,Actinopteri,Synaphobranchus_kaupii,Kaup's_arrowtooth_eel,0
GCA_029721435.1,Actinopteri,Gymnothorax_reevesii,Reeve's_moray,0
GCA_029721515.1,Actinopteri,Synanceia_verrucosa,stonefish,2
GCA_029783895.1,Actinopteri,Triplophysa_bombifrons,bony_fishes,5
GCA_029853015.1,Actinopteri,Chelidonichthys_spinosus,red_gurnard,1
GCA_029890205.1,Mammalia,Acomys_cahirinus,Egyptian_spiny_mouse,30
GCA_029931775.1,Squamata,Euleptes_europaea,tarantolino,52
GCA_029931835.1,Actinopteri,Etheostoma_nigrum,Johnny_darter,1
GCA_029959045.1,Actinopteri,Taenioides_sp._WSHXM2023,bony_fishes,1
GCA_030012505.1,Testudines,Eretmochelys_imbricata,hawksbill_sea_turtle,1
GCA_030014155.1,Actinopteri,Tachysurus_vachellii,bony_fishes,7
GCA_030014295.1,Mammalia,Loxodonta_africana,African_savanna_elephant,22
GCA_030014385.1,Actinopteri,Trichomycterus_rosablanca,bony_fishes,8
GCA_030015415.1,Mammalia,Cynopterus_sphinx,Indian_short-nosed_fruit_bat,15
GCA_030020295.1,Crocodylia,Gavialis_gangeticus,Gharial,7
GCA_030020395.1,Mammalia,Manis_pentadactyla,Chinese_pangolin,2
GCA_030028045.1,Mammalia,Hippopotamus_amphibius_kiboko,hippopotamus,11
GCA_030035585.1,Mammalia,Dugong_dugon,dugong,11
GCA_030035675.1,Squamata,Rhineura_floridana,Florida_worm_lizard,11
GCA_030035685.1,Chondrichthyes,Mobula_birostris,giant_manta,0
GCA_900094665.2,Mammalia,Mus_caroli,Ryukyu_mouse,36
GCA_900095145.2,Mammalia,Mus_pahari,shrew_mouse,36
GCA_900246225.5,Actinopteri,Astatotilapia_calliptera,eastern_happy,1
GCA_900324465.3,Actinopteri,Anabas_testudineus,climbing_perch,1
GCA_900324485.3,Actinopteri,Mastacembelus_armatus,zig-zag_eel,3
GCA_900496995.4,Aves,Aquila_chrysaetos,golden_eagle,2
GCA_900634415.1,Actinopteri,Cottoperca_gobio,bony_fishes,2
GCA_900634625.2,Actinopteri,Parambassis_ranga,Indian_glassy_fish,2
GCA_900634775.2,Actinopteri,Gouania_willdenowi,blunt-snouted_clingfish,5
GCA_900634795.4,Actinopteri,Betta_splendens,Siamese_fighting_fish,1
GCA_900700375.2,Actinopteri,Denticeps_clupeoides,denticle_herring,9
GCA_900700415.2,Actinopteri,Clupea_harengus,Atlantic_herring,4
GCA_900747795.4,Cladistia,Erpetoichthys_calabaricus,reedfish,1
GCA_900880675.2,Actinopteri,Sparus_aurata,gilthead_seabream,3
GCA_900963305.2,Actinopteri,Echeneis_naucrates,live_sharksucker,1
GCA_900964775.1,Actinopteri,Scleropages_formosus,Asian_bonytongue,15
GCA_901000725.3,Actinopteri,Takifugu_rubripes,torafugu,4
GCA_901001135.2,Gymnophiona,Rhinatrema_bivittatum,two-lined_caecilian,16
GCA_901001165.2,Actinopteri,Salmo_trutta,river_trout,14
GCA_901699155.2,Aves,Streptopelia_turtur,birds,1
GCA_901709675.2,Actinopteri,Syngnathus_acus,greater_pipefish,1
GCA_901765095.2,Gymnophiona,Microcaecilia_unicolor,caecilians,28
GCA_901933205.1,Aves,Camarhynchus_parvulus,birds,5
GCA_902148845.1,Actinopteri,Salarias_fasciatus,jewelled_blenny,2
GCA_902148855.1,Actinopteri,Sphaeramia_orbicularis,orbiculate_cardinalfish,5
GCA_902150065.1,Actinopteri,Myripristis_murdjan,pinecone_soldierfish,3
GCA_902167405.1,Actinopteri,Gadus_morhua,Atlantic_cod,2
GCA_902362185.1,Actinopteri,Chanos_chanos,milkfish,7
GCA_902459505.2,Gymnophiona,Geotrypetes_seraphini,caecilians,3
GCA_902500255.1,Actinopteri,Thalassophryne_amazonica,bony_fishes,4
GCA_902635505.1,Mammalia,Sarcophilus_harrisii,Tasmanian_devil,19
GCA_902655055.2,Mammalia,Lutra_lutra,Eurasian_river_otter,12
GCA_902685375.1,Actinopteri,Neostethus_bicornis,bony_fishes,7
GCA_902686445.2,Mammalia,Sciurus_carolinensis,gray_squirrel,27
GCA_902686455.2,Mammalia,Sciurus_vulgaris,Eurasian_red_squirrel,25
GCA_902713425.2,Actinopteri,Acipenser_ruthenus,sterlet,12
GCA_902713615.2,Chondrichthyes,Scyliorhinus_canicula,smaller_spotted_catshark,0
GCA_902810595.1,Actinopteri,Coregonus_sp._'balchen',bony_fishes,6
GCA_902827115.2,Actinopteri,Pseudochaenichthys_georgianus,South_Georgia_icefish,1
GCA_903797595.2,Aves,Erithacus_rubecula,European_robin,11
GCA_903798145.1,Actinopteri,Danio_aesculapii,bony_fishes,8
GCA_903798195.1,Actinopteri,Danio_kyathit,bony_fishes,8
GCA_903992535.2,Mammalia,Arvicola_amphibius,Eurasian_water_vole,45
GCA_903992545.1,Mammalia,Pipistrellus_pipistrellus,common_pipistrelle,35
GCA_903995425.1,Mammalia,Onychomys_torridus,southern_grasshopper_mouse,33
GCA_903995435.1,Mammalia,Acomys_russatus,golden_spiny_mouse,32
GCA_904848185.1,Actinopteri,Acanthopagrus_latus,yellowfin_seabream,3
GCA_905171665.2,Actinopteri,Trachurus_trachurus,Atlantic_horse_mackerel,2
GCA_905171765.1,Anura,Bufo_bufo,common_toad,106
GCA_905171775.1,Anura,Rana_temporaria,common_frog,202
GCA_905237065.2,Actinopteri,Salmo_salar,Atlantic_salmon,12
GCA_905319855.2,Mammalia,Canis_lupus,gray_wolf,17
GCA_907164435.1,Mammalia,Acomys_dimidiatus,rodents,30
GCA_907164505.1,Mammalia,Acomys_kempi,Kemp's_spiny_mouse,0
GCA_907165065.1,Aves,Caprimulgus_europaeus,Eurasian_nightjar,5
GCA_907169655.1,Mammalia,Acomys_percivali,Percival's_spiny_mouse,0
GCA_910589615.1,Actinopteri,Taurulus_bubalis,bony_fishes,3
GCA_910591455.2,Actinopteri,Pholis_gunnellus,rock_gunnel,5
GCA_910594005.1,Mammalia,Cervus_elaphus,red_deer,24
GCA_910596095.1,Actinopteri,Thunnus_maccoyii,southern_bluefin_tuna,1
GCA_910950805.1,Aves,Acrocephalus_scirpaceus,Eurasian_reed_warbler,14
GCA_914725855.1,Actinopteri,Thunnus_albacares,yellowfin_tuna,2
GCA_921997135.2,Mammalia,Mus_spretus,western_wild_mouse,35
GCA_922984935.2,Mammalia,Meles_meles,Eurasian_badger,17
GCA_929443795.2,Aves,Accipiter_gentilis,Northern_goshawk,2
GCA_933228915.1,Actinopteri,Telmatherina_bonti,bony_fishes,3
GCA_936440315.1,Actinopteri,Barbus_barbus,barbel,6
GCA_937001465.1,Mammalia,Orcinus_orca,killer_whale,0
GCA_944319715.1,Mammalia,Heterocephalus_glaber,naked_mole-rat,19
GCA_946808225.1,Actinopteri,Silurus_aristotelis,Aristotle's_catfish,0
GCA_946959425.1,Actinopteri,Argyrosomus_regius,meagre,3
GCA_947034865.1,Actinopteri,Barbatula_barbatula,stone_loach,4
GCA_947179515.1,Mammalia,Apodemus_sylvaticus,European_woodmouse,38
GCA_947247035.1,Squamata,Vipera_ursinii,snakes,1
GCA_947347685.1,Actinopteri,Pleuronectes_platessa,European_plaice,2
GCA_947461875.1,Aves,Haliaeetus_albicilla,white-tailed_eagle,2
GCA_947650265.1,Actinopteri,Symphodus_melops,corkwing_wrasse,4
GCA_949152265.1,Actinopteri,Phoxinus_phoxinus,Eurasian_minnow,3
GCA_949316205.1,Actinopteri,Platichthys_flesus,European_flounder,4
GCA_949316345.1,Actinopteri,Pungitius_pungitius,ninespine_stickleback,3
GCA_949357685.1,Actinopteri,Gobio_gobio,gudgeon,3
GCA_949357725.1,Actinopteri,Hyperoplus_immaculatus,greater_sand-eel,3
GCA_949606895.1,Actinopteri,Notothenia_rossii,marbled_rockcod,2
GCA_949628215.1,Aves,Phalacrocorax_aristotelis,European_shag,1
GCA_949748355.1,Actinopteri,Melanostigma_gelatinosum,limp_eelpout,4
GCA_949752795.1,Mammalia,Hyperoodon_ampullatus,northern_bottlenose_whale,0
GCA_949774975.1,Mammalia,Lagenorhynchus_albirostris,white-beaked_dolphin,0
GCA_949786385.1,Mammalia,Onychomys_leucogaster,northern_grasshopper_mouse,35
GCA_949786405.1,Mammalia,Onychomys_arenicola,Chihuahuan_grasshopper_mouse,35
GCA_949786415.1,Mammalia,Peromyscus_eremicus,cactus_mouse,39
GCA_949820135.1,Mammalia,Sylvilagus_floridanus,eastern_cottontail,31
GCA_949987535.1,Mammalia,Balaenoptera_acutorostrata,minke_whale,0
GCA_949987555.1,Actinopteri,Borostomias_antarcticus,large-eye_snaggletooth,1
GCA_949987615.1,Actinopteri,Pollachius_pollachius,pollack,4
GCA_949987685.1,Actinopteri,Ammodytes_marinus,lesser_sand-eel,4
GCA_950295315.1,Mammalia,Erinaceus_europaeus,western_European_hedgehog,24
GCA_951216825.1,Actinopteri,Electrona_antarctica,bony_fishes,0
GCA_951640355.1,Mammalia,Eptesicus_nilssonii,northern_bat,27
