Accession,latin,common,taxid,Number of Genes,PlottingClade
GCA_022829085.1,Abramis_brama,common_bream,38527,3,Actinopteri
GCA_016904835.1,Acanthisitta_chloris,rifleman,57068,4,Aves
GCA_021347895.1,Acanthochromis_polyacanthus,spiny_chromis,80966,4,Actinopteri
GCA_904848185.1,Acanthopagrus_latus,yellowfin_seabream,8177,3,Actinopteri
GCA_929443795.2,Accipiter_gentilis,Northern_goshawk,8957,2,Aves
GCA_027475565.2,Acinonyx_jubatus,cheetah,32536,10,Mammalia
GCA_902713425.2,Acipenser_ruthenus,sterlet,7906,12,Actinopteri
GCA_029890205.1,Acomys_cahirinus,Egyptian_spiny_mouse,10068,30,Mammalia
GCA_907164435.1,Acomys_dimidiatus,rodents,60744,30,Mammalia
GCA_907164505.1,Acomys_kempi,Kemp's_spiny_mouse,83762,0,Mammalia
GCA_907169655.1,Acomys_percivali,Percival's_spiny_mouse,83527,0,Mammalia
GCA_903995435.1,Acomys_russatus,golden_spiny_mouse,60746,32,Mammalia
GCA_027559615.1,Acridotheres_tristis,common_myna,279927,8,Aves
GCA_910950805.1,Acrocephalus_scirpaceus,Eurasian_reed_warbler,126889,14,Aves
GCA_029620275.1,Acrossocheilus_wenchowensis,bony_fishes,1279364,4,Actinopteri
GCA_020745825.3,Agelaius_phoeniceus,red-winged_blackbird,39638,12,Aves
GCA_028640845.1,Ahaetulla_prasina,snakes,499056,2,Squamata
GCA_002007445.3,Ailuropoda_melanoleuca,giant_panda,9646,12,Mammalia
GCA_022829145.1,Albula_goreensis,bony_fishes,1534307,4,Actinopteri
GCA_008658365.1,Alca_torda,razorbill,28689,2,Aves
GCA_026122505.1,Aldabrachelys_gigantea,Aldabra_giant_tortoise,167804,16,Testudines
GCA_017589495.2,Alosa_alosa,allis_shad,278164,3,Actinopteri
GCA_018492685.1,Alosa_sapidissima,American_shad,34773,3,Actinopteri
GCA_017639355.1,Amazona_aestiva,blue-fronted_amazon,12930,2,Aves
GCA_010909765.2,Amblyraja_radiata,thorny_skate,386614,0,Chondrichthyes
GCA_002915635.3,Ambystoma_mexicanum,axolotl,8296,70,Caudata
GCA_012411365.1,Ameiurus_melas,black_bullhead,219545,3,Actinopteri
GCA_017591415.1,Amia_calva,bowfin,7924,1,Actinopteri
GCA_027887145.1,Ammodramus_caudacutus,birds,69262,14,Aves
GCA_026122265.1,Ammodytes_dubius,northern_sand_lance,1266862,5,Actinopteri
GCA_949987685.1,Ammodytes_marinus,lesser_sand-eel,146480,4,Actinopteri
GCA_027579445.1,Ammospiza_nelsoni,birds,2857394,14,Aves
GCA_013435755.1,Amphilophus_citrinellus,Midas_cichlid,61819,1,Actinopteri
GCA_027123335.1,Amphiprion_clarkii,yellowtail_clownfish,80970,6,Actinopteri
GCA_022539595.1,Amphiprion_ocellaris,clown_anemonefish,80972,6,Actinopteri
GCA_003047355.2,Amphiprion_percula,orange_clownfish,161767,4,Actinopteri
GCA_900324465.3,Anabas_testudineus,climbing_perch,64144,1,Actinopteri
GCA_014839685.1,Anableps_anableps,largescale_foureyes,195821,2,Actinopteri
GCA_015476345.1,Anas_platyrhynchos,mallard,8839,6,Aves
GCA_013347855.1,Anguilla_anguilla,European_eel,7936,4,Actinopteri
GCA_025169545.1,Anguilla_japonica,Japanese_eel,7937,4,Actinopteri
GCA_018555375.2,Anguilla_rostrata,American_eel,7938,3,Actinopteri
GCA_000090745.2,Anolis_carolinensis,green_anole,28377,43,Squamata
GCA_027596085.2,Anoplopoma_fimbria,sablefish,229290,3,Actinopteri
GCA_025388735.1,Anser_cygnoides,Swan_goose,8845,3,Aves
GCA_025583725.1,Anser_indicus,Bar-headed_goose,8846,3,Aves
GCA_016432865.2,Antechinus_flavipes,yellow-footed_antechinus,38775,21,Mammalia
GCA_013358685.1,Antennarius_maculatus,warty_frogfish,882753,2,Actinopteri
GCA_027563665.1,Antrozous_pallidus,pallid_bat,9440,18,Mammalia
GCA_021346845.1,Apeltes_quadracus,fourspine_stickleback,240154,5,Actinopteri
GCA_017639675.1,Aplochiton_taeniatus,bony_fishes,946358,7,Actinopteri
GCA_947179515.1,Apodemus_sylvaticus,European_woodmouse,10129,38,Mammalia
GCA_020740795.1,Apus_apus,common_swift,8895,12,Aves
GCA_900496995.4,Aquila_chrysaetos,golden_eagle,223781,2,Aves
GCA_028858755.1,Ara_ararauna,blue-and-yellow_macaw,9226,2,Aves
GCA_023079485.1,Archilochus_colubris,birds,190676,11,Aves
GCA_007364275.2,Archocentrus_centrarchus,flier_cichlid,63155,1,Actinopteri
GCA_028646355.1,Arctocephalus_townsendi,Guadalupe_fur_seal,161921,3,Mammalia
GCA_946959425.1,Argyrosomus_regius,meagre,172269,3,Actinopteri
GCA_011762505.1,Arvicanthis_niloticus,Nile_rat,61156,39,Mammalia
GCA_903992535.2,Arvicola_amphibius,Eurasian_water_vole,1047088,45,Mammalia
GCA_023376895.1,Aspiorhynchus_laticeps,big-head_schizothoracin,748366,5,Actinopteri
GCA_900246225.5,Astatotilapia_calliptera,eastern_happy,8154,1,Actinopteri
GCA_023375975.1,Astyanax_mexicanus,Mexican_tetra,7994,18,Actinopteri
GCA_026413565.1,Aythya_baeri,Baer's_pochard,1177618,0,Aves
GCA_009819795.1,Aythya_fuligula,tufted_duck,219594,4,Aves
GCA_029042245.1,Aythya_marila,greater_scaup,189534,4,Aves
GCA_028533215.1,Babyrousa_celebensis,North_Sulawesi_babirusa,1303000,14,Mammalia
GCA_949987535.1,Balaenoptera_acutorostrata,minke_whale,9767,0,Mammalia
GCA_009873245.3,Balaenoptera_musculus,Blue_whale,9771,2,Mammalia
GCA_028023285.1,Balaenoptera_ricei,Rice's_whale,2746895,0,Mammalia
GCA_947034865.1,Barbatula_barbatula,stone_loach,135647,4,Actinopteri
GCA_936440315.1,Barbus_barbus,barbel,40830,6,Actinopteri
GCA_019155185.1,Beaufortia_kweichowensis,bony_fishes,241442,2,Actinopteri
GCA_900634795.4,Betta_splendens,Siamese_fighting_fish,158456,1,Actinopteri
GCA_027579735.1,Bombina_bombina,fire-bellied_toad,8345,91,Anura
GCA_949987555.1,Borostomias_antarcticus,large-eye_snaggletooth,473354,1,Actinopteri
GCA_014182915.2,Bos_gaurus,gaur,9904,18,Mammalia
GCA_005887515.3,Bos_grunniens,domestic_yak,30521,14,Mammalia
GCA_000247795.2,Bos_indicus,zebu_cattle,9915,20,Mammalia
GCA_027580195.1,Bos_mutus,wild_yak,72004,22,Mammalia
GCA_002263795.3,Bos_taurus,cattle,9913,21,Mammalia
GCA_020698575.1,Bostrychus_sinensis,four-eyed_sleeper,86224,3,Actinopteri
GCA_023856365.1,Brienomyrus_brachyistius,bony_fishes,42636,2,Actinopteri
GCA_019923935.1,Bubalus_bubalis,water_buffalo,89462,20,Mammalia
GCA_029407905.2,Bubalus_carabanensis,carabao,346063,18,Mammalia
GCA_009769605.1,Bucorvus_abyssinicus,Abyssinian_ground-hornbill,153643,2,Aves
GCA_023091745.2,Budorcas_taxicolor,takin,37181,19,Mammalia
GCA_905171765.1,Bufo_bufo,common_toad,8384,106,Anura
GCA_014858855.1,Bufo_gargarizans,Asiatic_toad,30331,131,Anura
GCA_023653725.1,Bungarus_multicinctus,many-banded_krait,8616,2,Squamata
GCA_018104995.1,Cairina_moschata,Muscovy_duck,8855,4,Aves
GCA_011100555.2,Callithrix_jacchus,white-tufted-ear_marmoset,9483,23,Mammalia
GCA_003957555.2,Calypte_anna,Annas_hummingbird,9244,8,Aves
GCA_901933205.1,Camarhynchus_parvulus,birds,87175,5,Aves
GCA_000803125.3,Camelus_dromedarius,Arabian_camel,9838,11,Mammalia
GCA_009834535.1,Camelus_ferus,Wild_Bactrian_camel,419612,11,Mammalia
GCA_905319855.2,Canis_lupus,gray_wolf,9612,17,Mammalia
GCA_000978405.1,Capra_aegagrus,wild_goat,9923,22,Mammalia
GCA_001704415.2,Capra_hircus,goat,9925,21,Mammalia
GCA_907165065.1,Caprimulgus_europaeus,Eurasian_nightjar,111811,5,Aves
GCA_003368295.1,Carassius_auratus,goldfish,7957,10,Actinopteri
GCA_023724105.1,Carassius_gibelio,silver_crucian_carp,101364,6,Actinopteri
GCA_017639515.1,Carcharodon_carcharias,great_white_shark,13397,0,Chondrichthyes
GCA_023653815.1,Caretta_caretta,Loggerhead_turtle,8467,3,Testudines
GCA_009819825.1,Cariama_cristata,Red-legged_seriema,54380,2,Aves
GCA_021442165.1,Ceratotherium_simum,northern_white_rhinoceros,310713,27,Mammalia
GCA_028627265.1,Cercopithecus_mitis,blue_monkey,36225,25,Mammalia
GCA_018697195.1,Certhia_americana,birds,186443,3,Aves
GCA_019320065.1,Cervus_canadensis,even-toed_ungulates,1574408,23,Mammalia
GCA_910594005.1,Cervus_elaphus,red_deer,9860,24,Mammalia
GCA_010411085.1,Cervus_hanglu,Yarkand_deer,84702,20,Mammalia
GCA_023974075.1,Chaenocephalus_aceratus,blackfin_icefish,36190,1,Actinopteri
GCA_024489055.1,Chanodichthys_erythropterus,predatory_carp,933992,3,Actinopteri
GCA_902362185.1,Chanos_chanos,milkfish,29144,7,Actinopteri
GCA_018320785.1,Cheilinus_undulatus,humphead_wrasse,241271,3,Actinopteri
GCA_029853015.1,Chelidonichthys_spinosus,red_gurnard,450224,1,Actinopteri
GCA_017976325.1,Chelmon_rostratus,copperband_butterflyfish,109905,3,Actinopteri
GCA_015237465.2,Chelonia_mydas,Green_sea_turtle,8469,1,Testudines
GCA_004010195.1,Chiloscyllium_plagiosum,whitespotted_bambooshark,36176,0,Chondrichthyes
GCA_009829145.1,Chiroxiphia_lanceolata,lance-tailed_manakin,296741,13,Aves
GCA_000409795.2,Chlorocebus_sabaeus,green_monkey,60711,30,Mammalia
GCA_015220235.1,Choloepus_didactylus,southern_two-toed_sloth,27675,8,Mammalia
GCA_000241765.5,Chrysemys_picta_bellii,western_painted_turtle,8478,8,Testudines
GCA_028533335.1,Chrysocyon_brachyurus,maned_wolf,68728,14,Mammalia
GCA_017639555.1,Ciconia_maguari,birds,52777,2,Aves
GCA_024256425.2,Clarias_gariepinus,North_African_catfish,13013,3,Actinopteri
GCA_900700415.2,Clupea_harengus,Atlantic_herring,7950,4,Actinopteri
GCA_028534165.1,Coendou_prehensilis,rodents,187985,25,Mammalia
GCA_027475355.1,Coilia_nasus,Japanese_grenadier_anchovy,365059,3,Actinopteri
GCA_015227895.2,Colaptes_auratus,northern_flicker,51355,5,Aves
GCA_028858725.1,Colius_striatus,speckled_mousebird,57412,4,Aves
GCA_004119915.2,Collichthys_lucidus,big_head_croaker,240159,7,Actinopteri
GCA_021498455.1,Colobus_guereza,mantled_guereza,33548,26,Mammalia
GCA_013407035.1,Coloeus_monedula,jackdaw,30423,4,Aves
GCA_001887795.1,Columba_livia,rock_pigeon,8932,1,Aves
GCA_029692045.1,Conger_conger,European_conger,82655,2,Actinopteri
GCA_020615455.1,Coregonus_clupeaformis,lake_whitefish,59861,8,Actinopteri
GCA_902810595.1,Coregonus_sp._'balchen',bony_fishes,861768,6,Actinopteri
GCA_011952105.1,Coreoperca_whiteheadi,bony_fishes,228250,1,Actinopteri
GCA_000738735.6,Corvus_cornix,hooded_crow,932674,9,Aves
GCA_020740725.1,Corvus_hawaiiensis,hawaiian_crow,134902,9,Aves
GCA_009650955.1,Corvus_moneduloides,New_Caledonian_crow,1196302,10,Aves
GCA_900634415.1,Cottoperca_gobio,bony_fishes,56716,2,Actinopteri
GCA_023566465.1,Cottus_gobio,bullhead,100952,2,Actinopteri
GCA_001577835.2,Coturnix_japonica,Japanese_quail,93934,2,Aves
GCA_023630585.1,Cranoglanis_bouderius,bony_fishes,175798,4,Actinopteri
GCA_003668045.2,Cricetulus_griseus,Chinese_hamster,10029,35,Mammalia
GCA_013133815.1,Cromileptes_altivelis,humpback_grouper,304459,4,Actinopteri
GCA_003400415.2,Crotalus_viridis,prairie_rattlesnake,8742,1,Squamata
GCA_028646485.1,Cryptoprocta_ferox,fossa,94188,14,Mammalia
GCA_019924925.1,Ctenopharyngodon_idella,grass_carp,7959,3,Actinopteri
GCA_017976375.1,Cuculus_canorus,common_cuckoo,55661,5,Aves
GCA_009769545.1,Cyclopterus_lumpus,lumpfish,8103,2,Actinopteri
GCA_013377495.2,Cygnus_atratus,black_swan,8868,3,Aves
GCA_009769625.2,Cygnus_olor,mute_swan,8869,3,Aves
GCA_027409185.1,Cynocephalus_volans,Philippine_flying_lemur,110931,18,Mammalia
GCA_000523025.1,Cynoglossus_semilaevis,tongue_sole,244447,0,Actinopteri
GCA_030015415.1,Cynopterus_sphinx,Indian_short-nosed_fruit_bat,9400,15,Mammalia
GCA_018340385.1,Cyprinus_carpio,common_carp,7962,7,Actinopteri
GCA_029465975.1,Dallia_pectoralis,Alaska_blackfish,75939,4,Actinopteri
GCA_903798145.1,Danio_aesculapii,bony_fishes,1142201,8,Actinopteri
GCA_903798195.1,Danio_kyathit,bony_fishes,242068,8,Actinopteri
GCA_020184715.1,Danio_rerio,zebrafish,7955,7,Actinopteri
GCA_024666655.1,Dascyllus_trimaculatus,three_spot_damselfish,50790,6,Actinopteri
GCA_020854095.1,Dasyurus_viverrinus,eastern_quoll,9279,21,Mammalia
GCA_027789765.1,Dendropsophus_ebraccatus,hourglass_treefrog,150705,246,Anura
GCA_900700375.2,Denticeps_clupeoides,denticle_herring,299321,9,Actinopteri
GCA_009764565.4,Dermochelys_coriacea,leatherback_sea_turtle,27794,1,Testudines
GCA_022682495.1,Desmodus_rotundus,common_vampire_bat,9430,8,Mammalia
GCA_020826845.1,Diceros_bicornis,black_rhinoceros,77932,27,Mammalia
GCA_019023105.1,Diglossa_brunneiventris,black-throated_flowerpiercer,547948,10,Aves
GCA_016128335.2,Dromaius_novaehollandiae,emu,8790,3,Aves
GCA_019393635.1,Dromiciops_gliroides,monito_del_monte,33562,25,Mammalia
GCA_014839835.1,Dryobates_pubescens,Downy_woodpecker,118200,3,Aves
GCA_030035585.1,Dugong_dugon,dugong,29137,11,Mammalia
GCA_027744805.2,Dunckerocampus_dactyliophorus,ringed_pipefish,161453,3,Actinopteri
GCA_900963305.2,Echeneis_naucrates,live_sharksucker,173247,1,Actinopteri
GCA_028627145.1,Eidolon_dupreanum,Malagasy_straw-colored_fruit_bat,58063,14,Mammalia
GCA_951216825.1,Electrona_antarctica,bony_fishes,206093,0,Actinopteri
GCA_013358815.1,Electrophorus_electricus,electric_eel,8005,0,Actinopteri
GCA_024166365.1,Elephas_maximus,Asiatic_elephant,99487,21,Mammalia
GCA_019857665.1,Eleutherodactylus_coqui,Puerto_Rican_coqui,57060,191,Anura
GCA_028017835.1,Emys_orbicularis,European_pond_turtle,82168,8,Testudines
GCA_019512145.1,Engystomops_pustulosus,Tungara_frog,76066,185,Anura
GCA_014621495.2,Entosphenus_tridentatus,Pacific_lamprey,245074,0,Hyperoartia
GCA_026686955.1,Epinephelus_cyanopodus,specked_blue_grouper,308565,4,Actinopteri
GCA_011397635.1,Epinephelus_fuscoguttatus,brown-marbled_grouper,293821,4,Actinopteri
GCA_005281545.1,Epinephelus_lanceolatus,giant_grouper,310571,2,Actinopteri
GCA_006386435.1,Epinephelus_moara,kelp_grouper,300413,2,Actinopteri
GCA_027574615.1,Eptesicus_fuscus,big_brown_bat,29078,28,Mammalia
GCA_951640355.1,Eptesicus_nilssonii,northern_bat,59451,27,Mammalia
GCA_016077325.2,Equus_asinus,ass,9793,23,Mammalia
GCA_002863925.1,Equus_caballus,horse,9796,24,Mammalia
GCA_021613505.1,Equus_quagga,plains_zebra,89248,24,Mammalia
GCA_028451465.1,Erethizon_dorsatum,North_American_porcupine,34844,27,Mammalia
GCA_030012505.1,Eretmochelys_imbricata,hawksbill_sea_turtle,27787,1,Testudines
GCA_950295315.1,Erinaceus_europaeus,western_European_hedgehog,9365,24,Mammalia
GCA_903797595.2,Erithacus_rubecula,European_robin,37610,11,Aves
GCA_900747795.4,Erpetoichthys_calabaricus,reedfish,27687,1,Cladistia
GCA_028021215.1,Eschrichtius_robustus,grey_whale,9764,1,Mammalia
GCA_000721915.3,Esox_lucius,northern_pike,8010,5,Actinopteri
GCA_013103735.1,Etheostoma_cragini,Arkansas_darter,417921,1,Actinopteri
GCA_029931835.1,Etheostoma_nigrum,Johnny_darter,54337,1,Actinopteri
GCA_026937815.1,Etheostoma_perlongum,Waccamaw_darter,655342,1,Actinopteri
GCA_008692095.1,Etheostoma_spectabile,orangethroat_darter,54343,1,Actinopteri
GCA_028564815.1,Eubalaena_glacialis,North_Atlantic_right_whale,27606,1,Mammalia
GCA_028583425.1,Eublepharis_macularius,Leopard_gecko,481883,22,Squamata
GCA_028534055.1,Eulemur_mongoz,mongoose_lemur,34828,18,Mammalia
GCA_029931775.1,Euleptes_europaea,tarantolino,460621,52,Squamata
GCA_029490765.1,Euthynnus_affinis,eastern_little_tuna,8227,3,Actinopteri
GCA_023638135.1,Falco_biarmicus,lanner_falcon,345155,2,Aves
GCA_023634085.1,Falco_cherrug,Saker_falcon,345164,2,Aves
GCA_017639655.1,Falco_naumanni,lesser_kestrel,148594,3,Aves
GCA_023634155.1,Falco_peregrinus,peregrine_falcon,8954,2,Aves
GCA_015220075.1,Falco_rusticolus,gyrfalcon,120794,2,Aves
GCA_018350175.1,Felis_catus,domestic_cat,9685,13,Mammalia
GCA_019924945.1,Felis_chaus,jungle_cat,61376,13,Mammalia
GCA_028533295.1,Felis_nigripes,black-footed_cat,61379,13,Mammalia
GCA_000247815.2,Ficedula_albicollis,Collared_flycatcher,59894,5,Aves
GCA_015532645.2,Fringilla_coelebs,chaffinch,1471794,3,Aves
GCA_011125445.2,Fundulus_heteroclitus,mummichog,8078,2,Actinopteri
GCA_026213295.1,Gadus_chalcogrammus,walleye_pollock,1042646,0,Actinopteri
GCA_902167405.1,Gadus_morhua,Atlantic_cod,8049,2,Actinopteri
GCA_016699485.1,Gallus_gallus,chicken,9031,3,Aves
GCA_019740435.1,Gambusia_affinis,western_mosquitofish,33528,1,Actinopteri
GCA_016920845.1,Gasterosteus_aculeatus,three-spined_stickleback,481459,3,Actinopteri
GCA_014132575.2,Gasterosteus_nipponicus,bony_fishes,1778380,2,Actinopteri
GCA_027917425.1,Gastrophryne_carolinensis,eastern_narrow-mouthed_toad,8429,31,Anura
GCA_030020295.1,Gavialis_gangeticus,Gharial,94835,7,Crocodylia
GCA_009764595.1,Geothlypis_trichas,common_yellowthroat,135433,20,Aves
GCA_902459505.2,Geotrypetes_seraphini,caecilians,260995,3,Gymnophiona
GCA_017591445.1,Giraffa_camelopardalis,giraffe,2740528,22,Mammalia
GCA_013496395.1,Giraffa_tippelskirchi,even-toed_ungulates,439328,14,Mammalia
GCA_021462225.2,Girardinichthys_multiradiatus,bony_fishes,208333,1,Actinopteri
GCA_949357685.1,Gobio_gobio,gudgeon,27704,3,Actinopteri
GCA_023029165.1,Gobiocypris_rarus,bony_fishes,143606,3,Actinopteri
GCA_007399415.1,Gopherus_evgoodei,Goodes_thornscrub_tortoise,1825980,11,Testudines
GCA_025201925.1,Gopherus_flavomarginatus,Mexican_gopher_tortoise,286002,10,Testudines
GCA_029281585.1,Gorilla_gorilla,western_lowland_gorilla,9595,25,Mammalia
GCA_900634775.2,Gouania_willdenowi,blunt-snouted_clingfish,441366,5,Actinopteri
GCA_016433145.1,Gracilinanus_agilis,Agile_Gracile_Mouse_Opossum,191870,32,Mammalia
GCA_028646425.1,Grampus_griseus,Risso's_dolphin,83653,0,Mammalia
GCA_028858705.1,Grus_americana,Whooping_crane,9117,3,Aves
GCA_023631565.1,Gymnocephalus_cernua,ruffe,57865,2,Actinopteri
GCA_027564155.1,Gymnocypris_eckloni,Yellow_River_scaleless_carp,334712,4,Actinopteri
GCA_018139145.2,Gymnogyps_californianus,California_condor,33616,2,Aves
GCA_029692085.1,Gymnothorax_javanicus,giant_moray,473457,1,Actinopteri
GCA_029721435.1,Gymnothorax_reevesii,Reeve's_moray,473459,0,Actinopteri
GCA_028022735.1,Gypaetus_barbatus,lammergeier,33610,2,Aves
GCA_027477595.1,Haemorhous_mexicanus,house_finch,30427,19,Aves
GCA_947461875.1,Haliaeetus_albicilla,white-tailed_eagle,8969,2,Aves
GCA_026419915.1,Harpia_harpyja,harpy_eagle,202280,2,Aves
GCA_028533245.1,Helarctos_malayanus,Malayan_sun_bear,9634,16,Mammalia
GCA_019097595.1,Hemibagrus_wyckioides,bony_fishes,337641,4,Actinopteri
GCA_027244095.1,Hemicordylus_capensis,graceful_crag_lizard,884348,21,Squamata
GCA_020745705.1,Hemiprocne_comata,birds,243314,3,Aves
GCA_020745735.1,Hemiscyllium_ocellatum,epaulette_shark,170820,0,Chondrichthyes
GCA_017165825.1,Hepsetus_odoe,African_pike_characin,42563,6,Actinopteri
GCA_944319715.1,Heterocephalus_glaber,naked_mole-rat,10181,19,Mammalia
GCA_028571685.1,Heterohyrax_brucei,yellow-spotted_hyrax,77598,30,Mammalia
GCA_011075105.1,Heteronetta_atricapilla,birds,555264,3,Aves
GCA_018136845.1,Heterotis_niloticus,African_bonytongue,91721,6,Actinopteri
GCA_023065765.1,Hexaprotodon_liberiensis,pygmy_hippopotamus,56798,17,Mammalia
GCA_018466805.1,Hippocampus_abdominalis,big-belly_seahorse,109274,0,Actinopteri
GCA_025434085.3,Hippocampus_zosterae,dwarf_seahorse,109293,1,Actinopteri
GCA_022539355.2,Hippoglossus_stenolepis,Pacific_halibut,195615,2,Actinopteri
GCA_030028045.1,Hippopotamus_amphibius_kiboko,hippopotamus,575201,11,Mammalia
GCA_015227805.3,Hirundo_rustica,Barn_swallow,43150,10,Aves
GCA_014905855.1,Homo_sapiens,human,9606,23,Mammalia
GCA_029633875.1,Hoplias_malabaricus,trahira,27720,4,Actinopteri
GCA_015741225.1,Hydrochoerus_hydrochaeris,capybara,10149,31,Mammalia
GCA_019472885.1,Hydrophis_curtus,Shaw's_sea_snake,355685,0,Squamata
GCA_019473425.1,Hydrophis_cyanocinctus,Asian_annulated_sea_snake,8686,0,Squamata
GCA_020226075.1,Hydropotes_inermis,Chinese_water_deer,9883,17,Mammalia
GCA_029499605.1,Hyla_sarda,Sardinian_treefrog,327740,126,Anura
GCA_021498465.1,Hylobates_pileatus,pileated_gibbon,9589,22,Mammalia
GCA_019447015.1,Hymenochirus_boettgeri,Congo_dwarf_clawed_frog,247094,45,Anura
GCA_949752795.1,Hyperoodon_ampullatus,northern_bottlenose_whale,48744,0,Mammalia
GCA_949357725.1,Hyperoplus_immaculatus,greater_sand-eel,1484357,3,Actinopteri
GCA_026929865.2,Hyperoplus_lanceolatus,great_sand-eel,508657,2,Actinopteri
GCA_021917145.1,Hypomesus_transpacificus,delta_smelt,137520,6,Actinopteri
GCA_022817975.1,Hypophthalmichthys_molitrix,silver_carp,13095,3,Actinopteri
GCA_019925145.1,Hypophthalmichthys_nobilis,bighead_carp,7965,0,Actinopteri
GCA_023375685.2,Ictalurus_furcatus,blue_catfish,66913,5,Actinopteri
GCA_001660625.3,Ictalurus_punctatus,channel_catfish,7998,5,Actinopteri
GCA_016881025.1,Ictidomys_tridecemlineatus,thirteen-lined_ground_squirrel,43179,19,Mammalia
GCA_022702515.1,Ilyophis_sp._1_JC-2022,bony_fishes,2920201,4,Actinopteri
GCA_022702525.1,Ilyophis_sp._2_JC-2022,bony_fishes,2920202,4,Actinopteri
GCA_022702415.1,Ilyophis_sp._JC_2022_1,bony_fishes,2919650,4,Actinopteri
GCA_027791375.2,Indicator_indicator,birds,1002788,3,Aves
GCA_016859345.1,Istiophorus_platypterus,Indo-Pacific_sailfish,13575,2,Actinopteri
GCA_020740685.1,Jaculus_jaculus,lesser_Egyptian_jerboa,51337,26,Mammalia
GCA_003829775.2,Junco_hyemalis,dark-eyed_junco,40217,3,Aves
GCA_029224185.1,Karalla_daura,goldstripe_ponyfish,334402,1,Actinopteri
GCA_026419965.1,Kogia_breviceps,pygmy_sperm_whale,27615,0,Mammalia
GCA_007896545.1,Kryptolebias_hermaphroditus,bony_fishes,1747188,2,Actinopteri
GCA_001649575.2,Kryptolebias_marmoratus,mangrove_rivulus,37003,2,Actinopteri
GCA_022985175.1,Labeo_rohita,rohu,84645,4,Actinopteri
GCA_009819535.1,Lacerta_agilis,lizards_and_snakes,80427,28,Squamata
GCA_949774975.1,Lagenorhynchus_albirostris,white-beaked_dolphin,27610,0,Mammalia
GCA_023343835.1,Lagopus_muta,rock_ptarmigan,64668,2,Aves
GCA_028533205.1,Lagorchestes_hirsutus,rufous_hare-wallaby,65632,29,Mammalia
GCA_028534125.1,Lama_glama,llama,9844,12,Mammalia
GCA_029633865.1,Lampris_incognitus,smalleye_Pacific_opah,2546036,1,Actinopteri
GCA_015883425.2,Lamprotornis_superbus,birds,245042,5,Aves
GCA_000972845.2,Larimichthys_crocea,large_yellow_croaker,215358,4,Actinopteri
GCA_004023545.1,Lateolabrax_maculatus,spotted_sea_bass,315492,2,Actinopteri
GCA_001640805.2,Lates_calcarifer,barramundi_perch,8187,2,Actinopteri
GCA_020740605.1,Lemur_catta,Ring-tailed_lemur,9447,27,Mammalia
GCA_028533165.1,Leontopithecus_rosalia,golden_lion_tamarin,30588,21,Mammalia
GCA_018350155.1,Leopardus_geoffroyi,Geoffroy's_cat,46844,0,Mammalia
GCA_000242695.1,Lepisosteus_oculatus,spotted_gar,7918,3,Actinopteri
GCA_018994145.1,Leptobrachium_ailaonicum,Yunnan_mustache_toad,428466,102,Anura
GCA_009667805.1,Leptobrachium_leishanense,Leishan_spiny_toad,445787,135,Anura
GCA_009760805.1,Lepus_timidus,Mountain_hare,62621,25,Mammalia
GCA_015708825.1,Lethenteron_reissneri,Far_Eastern_brook_lamprey,7753,0,Hyperoartia
GCA_023718395.1,Leucaspius_delineatus,sunbleak,58323,3,Actinopteri
GCA_021554675.1,Leuciscus_idus,ide,69811,3,Actinopteri
GCA_028641065.1,Leucoraja_erinacea,little_skate,7782,0,Chondrichthyes
GCA_008360975.2,Lichenostomus_cassidix,helmeted_honeyeater,1497555,19,Aves
GCA_028564925.1,Lithobates_sylvaticus,wood_frog,45438,248,Anura
GCA_005870125.1,Lonchura_striata,Bengalese_finch,299123,2,Aves
GCA_030014295.1,Loxodonta_africana,African_savanna_elephant,9785,22,Mammalia
GCA_020091685.1,Lutjanus_erythropterus,crimson_snapper,211835,4,Actinopteri
GCA_902655055.2,Lutra_lutra,Eurasian_river_otter,9657,12,Mammalia
GCA_001883655.1,Lycaon_pictus,African_hunting_dog,9622,12,Mammalia
GCA_028022725.1,Lycodopsis_pacificus,blackbelly_eelpout,1772091,5,Actinopteri
GCA_007474595.2,Lynx_canadensis,Canada_lynx,61383,14,Mammalia
GCA_026956025.1,Macaca_cyclopis,Taiwan_macaque,78449,28,Mammalia
GCA_012559485.3,Macaca_fascicularis,crab-eating_macaque,9541,29,Mammalia
GCA_003339765.3,Macaca_mulatta,Rhesus_monkey,9544,29,Mammalia
GCA_024542745.1,Macaca_thibetana,Pere_David's_macaque,257877,0,Mammalia
GCA_028583105.1,Macropus_fuliginosus,western_gray_kangaroo,9316,31,Mammalia
GCA_028627215.1,Macropus_giganteus,eastern_gray_kangaroo,9317,37,Mammalia
GCA_027887155.1,Malaclemys_terrapin,diamondback_terrapin,2991368,8,Testudines
GCA_009741485.1,Malurus_cyaneus,Superb_fairywren,2593467,11,Aves
GCA_030020395.1,Manis_pentadactyla,Chinese_pangolin,143292,2,Mammalia
GCA_029410595.1,Martes_flavigula,yellow-throated_marten,74864,15,Mammalia
GCA_900324485.3,Mastacembelus_armatus,zig-zag_eel,205130,3,Actinopteri
GCA_008632895.1,Mastomys_coucha,southern_multimammate_mouse,35658,31,Mammalia
GCA_020497125.1,Mauremys_mutica,yellowpond_turtle,74926,11,Testudines
GCA_016161935.1,Mauremys_reevesii,Reevess_turtle,260615,13,Testudines
GCA_000238955.5,Maylandia_zebra,zebra_mbuna,106582,1,Actinopteri
GCA_021613375.1,Megaleporinus_macrocephalus,bony_fishes,327003,11,Actinopteri
GCA_018812025.1,Megalobrama_amblycephala,Wuchang_bream,75352,3,Actinopteri
GCA_019176425.1,Megalops_atlanticus,tarpon,7932,5,Actinopteri
GCA_013368585.1,Megalops_cyprinoides,Indo-Pacific_tarpon,118141,3,Actinopteri
GCA_949748355.1,Melanostigma_gelatinosum,limp_eelpout,1091424,4,Actinopteri
GCA_017639745.1,Melanotaenia_boesemani,Boesemans_rainbowfish,1250792,2,Actinopteri
GCA_026261665.1,Melanotaenia_duboulayi,Duboulay's_rainbowfish,120843,0,Actinopteri
GCA_000146605.4,Meleagris_gallopavo,turkey,9103,2,Aves
GCA_922984935.2,Meles_meles,Eurasian_badger,9662,17,Mammalia
GCA_012275295.1,Melopsittacus_undulatus,budgerigar,13146,1,Aves
GCA_028018845.1,Melospiza_georgiana,birds,44398,20,Aves
GCA_009819595.1,Merops_nubicus,carmine_bee-eater,57421,5,Aves
GCA_025265405.1,Mesoplodon_densirostris,Blainville's_beaked_whale,48708,0,Mammalia
GCA_901765095.2,Microcaecilia_unicolor,caecilians,1415580,28,Gymnophiona
GCA_000165445.3,Microcebus_murinus,gray_mouse_lemur,30608,24,Mammalia
GCA_021292245.1,Micropterus_dolomieu,smallmouth_bass,147949,1,Actinopteri
GCA_019677235.1,Micropterus_salmoides,largemouth_bass,27706,1,Actinopteri
GCA_000317375.1,Microtus_ochrogaster,prairie_vole,79684,43,Mammalia
GCA_028551445.1,Miopithecus_talapoin,talapoin,36231,29,Mammalia
GCA_021288785.3,Mirounga_angustirostris,Northern_elephant_seal,9716,3,Mammalia
GCA_027580225.1,Misgurnus_anguillicaudatus,oriental_weatherfish,75329,5,Actinopteri
GCA_030035685.1,Mobula_birostris,giant_manta,1983395,0,Chondrichthyes
GCA_012460135.3,Molothrus_ater,birds,84834,9,Aves
GCA_027887165.1,Monodelphis_domestica,gray_short-tailed_opossum,13616,24,Mammalia
GCA_015832195.1,Motacilla_alba,white_wagtail,1094192,13,Aves
GCA_022458985.1,Mugil_cephalus,flathead_mullet,48193,0,Actinopteri
GCA_016735935.1,Mugilogobius_chulae,yellowstripe_goby,88201,1,Actinopteri
GCA_028533875.1,Mungos_mungo,banded_mongoose,210652,17,Mammalia
GCA_020276665.1,Muntiacus_crinifrons,black_muntjac,71854,24,Mammalia
GCA_008782695.1,Muntiacus_muntjak,muntjak,9888,24,Mammalia
GCA_020226045.1,Muntiacus_reevesi,Reeves'_muntjac,9886,0,Mammalia
GCA_027704905.1,Muraenolepis_orangiensis,Patagonian_moray_cod,630683,2,Actinopteri
GCA_900094665.2,Mus_caroli,Ryukyu_mouse,10089,36,Mammalia
GCA_000001635.9,Mus_musculus,house_mouse,10090,35,Mammalia
GCA_900095145.2,Mus_pahari,shrew_mouse,10093,36,Mammalia
GCA_921997135.2,Mus_spretus,western_wild_mouse,10096,35,Mammalia
GCA_009829155.1,Mustela_erminea,ermine,36723,13,Mammalia
GCA_022355385.1,Mustela_nigripes,black-footed_ferret,77151,13,Mammalia
GCA_017639245.1,Myiopsitta_monachus,monk_parakeet,176066,1,Aves
GCA_902150065.1,Myripristis_murdjan,pinecone_soldierfish,586833,3,Actinopteri
GCA_019703515.2,Myxocyprinus_asiaticus,Chinese_sucker,70543,9,Actinopteri
GCA_009733165.1,Naja_naja,Indian_cobra,35670,0,Squamata
GCA_028533885.1,Nasua_narica,White-nosed_coati,352831,16,Mammalia
GCA_014905685.2,Nematolebias_whitei,Rio_pearlfish,451745,2,Actinopteri
GCA_027579695.1,Neoarius_graeffei,lesser_salmon_catfish,443677,3,Actinopteri
GCA_028018385.1,Neofelis_nebulosa,Clouded_leopard,61452,13,Mammalia
GCA_020171115.1,Neogale_vison,American_mink,452646,14,Mammalia
GCA_002201575.2,Neomonachus_schauinslandi,Hawaiian_monk_seal,29088,3,Mammalia
GCA_902685375.1,Neostethus_bicornis,bony_fishes,300306,7,Actinopteri
GCA_011076525.1,Nettapus_auritus,birds,658922,2,Aves
GCA_014281875.1,Nibea_albiflora,white_flower_croaker,240163,3,Actinopteri
GCA_023373845.1,Nibea_coibor,bony_fishes,396775,4,Actinopteri
GCA_006542625.1,Nomascus_leucogenys,northern_white-cheeked_gibbon,61853,21,Mammalia
GCA_028372415.1,Notamacropus_eugenii,tammar_wallaby,9315,36,Mammalia
GCA_001465895.2,Nothobranchius_furzeri,turquoise_killifish,105023,1,Actinopteri
GCA_009762535.1,Notolabrus_celidotus,New_Zealand_spotty,1203425,4,Actinopteri
GCA_949606895.1,Notothenia_rossii,marbled_rockcod,101497,2,Actinopteri
GCA_002078875.2,Numida_meleagris,helmeted_guineafowl,8996,2,Aves
GCA_013368605.1,Nyctibius_grandis,birds,48427,3,Aves
GCA_023898255.1,Nycticebus_bengalensis,Bengal_slow_loris,261741,20,Mammalia
GCA_027406575.1,Nycticebus_coucang,slow_loris,9470,22,Mammalia
GCA_014633375.1,Ochotona_princeps,American_pika,9978,28,Mammalia
GCA_020976825.1,Odocoileus_hemionus,mule_deer,9872,21,Mammalia
GCA_023699985.2,Odocoileus_virginianus,white-tailed_deer,9874,21,Mammalia
GCA_027942865.1,Odontesthes_bonariensis,pejerrey,219752,2,Actinopteri
GCA_029582105.1,Oenanthe_melanoleuca,birds,2939378,9,Aves
GCA_024291935.2,Okapia_johnstoni,okapi,86973,16,Mammalia
GCA_021184085.1,Oncorhynchus_gorbuscha,pink_salmon,8017,8,Actinopteri
GCA_023373465.1,Oncorhynchus_keta,chum_salmon,8018,9,Actinopteri
GCA_002021735.2,Oncorhynchus_kisutch,coho_salmon,8019,11,Actinopteri
GCA_013265735.3,Oncorhynchus_mykiss,rainbow_trout,8022,16,Actinopteri
GCA_006149115.2,Oncorhynchus_nerka,sockeye_salmon,8023,9,Actinopteri
GCA_018296145.1,Oncorhynchus_tshawytscha,Chinook_salmon,74940,13,Actinopteri
GCA_949786405.1,Onychomys_arenicola,Chihuahuan_grasshopper_mouse,38679,35,Mammalia
GCA_949786385.1,Onychomys_leucogaster,northern_grasshopper_mouse,38668,35,Mammalia
GCA_903995425.1,Onychomys_torridus,southern_grasshopper_mouse,38674,33,Mammalia
GCA_012432095.1,Onychostoma_macrolepis,bony_fishes,369639,4,Actinopteri
GCA_937001465.1,Orcinus_orca,killer_whale,9733,0,Mammalia
GCA_013358895.1,Oreochromis_aureus,blue_tilapia,47969,1,Actinopteri
GCA_001858045.3,Oreochromis_niloticus,Nile_tilapia,8128,1,Actinopteri
GCA_004115215.4,Ornithorhynchus_anatinus,platypus,9258,7,Mammalia
GCA_009806435.2,Oryctolagus_cuniculus,rabbit,9986,30,Mammalia
GCA_023969325.1,Oryzias_curvinotus,bony_fishes,104658,1,Actinopteri
GCA_003999625.1,Oryzias_javanicus,javanese_ricefish,123683,1,Actinopteri
GCA_002234675.1,Oryzias_latipes,Japanese_medaka,8090,1,Actinopteri
GCA_002922805.2,Oryzias_melastigma,Indian_medaka,30732,1,Actinopteri
GCA_026413225.1,Otis_tarda,great_bustard,73107,4,Aves
GCA_028583565.1,Ovis_ammon_polii,argali,230172,16,Mammalia
GCA_016772045.1,Ovis_aries,sheep,9940,19,Mammalia
GCA_001039535.1,Ovis_canadensis,bighorn_sheep,112262,16,Mammalia
GCA_014523465.1,Ovis_orientalis,Asiatic_mouflon,469796,18,Mammalia
GCA_011077185.1,Oxyura_jamaicensis,ruddy_duck,8884,3,Aves
GCA_028658305.1,Pachyuromys_duprasi,fat-tailed_gerbil,298894,27,Mammalia
GCA_028031935.1,Paedocypris_micromegethes,bony_fishes,1093616,3,Actinopteri
GCA_029289425.1,Pan_paniscus,pygmy_chimpanzee,9597,24,Mammalia
GCA_028858775.1,Pan_troglodytes,chimpanzee,9598,26,Mammalia
GCA_022758105.1,Pangasianodon_gigas,Mekong_giant_catfish,30993,6,Actinopteri
GCA_027358585.1,Pangasianodon_hypophthalmus,striped_catfish,310915,5,Actinopteri
GCA_022985145.1,Pangasius_djambal,bony_fishes,1691987,6,Actinopteri
GCA_018350215.1,Panthera_leo,lion,9689,13,Mammalia
GCA_028533385.1,Panthera_onca,jaguar,9690,14,Mammalia
GCA_018350195.2,Panthera_tigris,tiger,9694,14,Mammalia
GCA_023721935.1,Panthera_uncia,snow_leopard,29064,13,Mammalia
GCA_015343265.1,Pao_palembangensis,humpback_puffer,1820603,0,Actinopteri
GCA_008728515.2,Papio_anubis,olive_baboon,9555,29,Mammalia
GCA_028645565.1,Papio_papio,Guinea_baboon,100937,31,Mammalia
GCA_018749465.1,Paracanthobrama_guichenoti,bony_fishes,291819,3,Actinopteri
GCA_001904815.2,Paralichthys_olivaceus,Japanese_flounder,8255,1,Actinopteri
GCA_900634625.2,Parambassis_ranga,Indian_glassy_fish,210632,2,Actinopteri
GCA_001522545.3,Parus_major,Great_Tit,9157,3,Aves
GCA_001700915.1,Passer_domesticus,House_sparrow,48849,3,Aves
GCA_004354835.1,Perca_flavescens,yellow_perch,8167,1,Actinopteri
GCA_025617405.1,Perca_schrenkii,Balkhash_perch,210850,2,Actinopteri
GCA_024416835.2,Perccottus_glenii,Chinese_sleeper,284583,0,Actinopteri
GCA_009829125.3,Periophthalmus_magnuspinnatus,bony_fishes,409849,3,Actinopteri
GCA_023159225.1,Perognathus_longimembris,Pacific_pocket_mouse,214514,26,Mammalia
GCA_949786415.1,Peromyscus_eremicus,cactus_mouse,42410,39,Mammalia
GCA_004664715.2,Peromyscus_leucopus,white-footed_mouse,10041,33,Mammalia
GCA_003704035.3,Peromyscus_maniculatus,prairie_deer_mouse,230844,35,Mammalia
GCA_003704135.2,Peromyscus_polionotus,oldfield_mouse,369710,31,Mammalia
GCA_010993605.1,Petromyzon_marinus,sea_lamprey,7757,0,Hyperoartia
GCA_016906955.1,Phacochoerus_africanus,Common_warthog,41426,15,Mammalia
GCA_949628215.1,Phalacrocorax_aristotelis,European_shag,126867,1,Aves
GCA_028646595.1,Phalanger_gymnotis,marsupials,65615,43,Mammalia
GCA_008692025.1,Phocoena_sinus,vaquita,42100,0,Mammalia
GCA_023856395.1,Phodopus_sungorus,rodents,10044,31,Mammalia
GCA_009819775.1,Phoenicopterus_ruber,American_flamingo,9218,1,Aves
GCA_020510985.1,Pholidichthys_leucotaenia,bony_fishes,390368,2,Actinopteri
GCA_910591455.2,Pholis_gunnellus,rock_gunnel,56726,5,Actinopteri
GCA_949152265.1,Phoxinus_phoxinus,Eurasian_minnow,58324,3,Actinopteri
GCA_020142125.1,Phrynosoma_platyrhinos,Desert_horned_lizard,52577,10,Squamata
GCA_024500275.1,Phycodurus_eques,leafy_seadragon,693459,1,Actinopteri
GCA_019802545.1,Phyllopteryx_taeniolatus,common_seadragon,161469,1,Actinopteri
GCA_004126475.3,Phyllostomus_discolor,pale_spear-nosed_bat,89673,25,Mammalia
GCA_002837175.5,Physeter_catodon,sperm_whale,9755,1,Mammalia
GCA_002776525.5,Piliocolobus_tephrosceles,Ugandan_red_Colobus,591936,22,Mammalia
GCA_903992545.1,Pipistrellus_pipistrellus,common_pipistrelle,59474,35,Mammalia
GCA_028551515.1,Pithecia_pithecia,white-faced_saki,43777,22,Mammalia
GCA_949316205.1,Platichthys_flesus,European_flounder,8260,4,Actinopteri
GCA_016801935.1,Platichthys_stellatus,starry_flounder,195632,4,Actinopteri
GCA_008729295.2,Plectropomus_leopardus,leopard_coralgrouper,160734,4,Actinopteri
GCA_026652325.1,Pleurodeles_waltl,Iberian_ribbed_newt,8319,68,Caudata
GCA_947347685.1,Pleuronectes_platessa,European_plaice,8262,2,Actinopteri
GCA_024760905.1,Plotosus_lineatus,striped_eel_catfish,243562,4,Actinopteri
GCA_017639485.1,Pluvialis_apricaria,birds,670352,4,Aves
GCA_004329235.1,Podarcis_muralis,Common_wall_lizard,64176,37,Squamata
GCA_027172205.1,Podarcis_raffonei,Aeolian_wall_lizard,65483,28,Squamata
GCA_028020825.1,Podargus_strigoides,tawny_frogmouth,8905,2,Aves
GCA_011421415.1,Poecile_atricapillus,Black-capped_chickadee,48891,3,Aves
GCA_013036085.2,Poecilia_formosa,Amazon_molly,48698,1,Actinopteri
GCA_000633615.2,Poecilia_reticulata,guppy,8081,2,Actinopteri
GCA_015220805.1,Pogoniulus_pusillus,Red-fronted_tinkerbird,488313,7,Aves
GCA_028583405.1,Pogonophryne_albipinna,bony_fishes,1090488,2,Actinopteri
GCA_949987615.1,Pollachius_pollachius,pollack,185739,4,Actinopteri
GCA_016801845.1,Polydactylus_sextarius,blackspot_threadfin,435218,4,Actinopteri
GCA_017654505.1,Polyodon_spathula,Mississippi_paddlefish,7913,8,Actinopteri
GCA_016835505.1,Polypterus_senegalus,gray_bichir,55291,1,Cladistia
GCA_028885655.1,Pongo_abelii,Sumatran_orangutan,9601,24,Mammalia
GCA_028885625.1,Pongo_pygmaeus,Bornean_orangutan,9600,26,Mammalia
GCA_020800305.1,Porphyrio_hochstetteri,South_Island_takahe,439704,2,Aves
GCA_028658325.1,Potorous_gilbertii,Gilbert's_potoroo,173936,0,Mammalia
GCA_028534135.1,Potos_flavus,kinkajou,29067,17,Mammalia
GCA_021018805.1,Prinia_subflava,tawny-flanked_prinia,208062,13,Aves
GCA_016509475.2,Prionailurus_bengalensis,leopard_cat,37029,14,Mammalia
GCA_022837055.1,Prionailurus_viverrinus,fishing_cat,61388,14,Mammalia
GCA_009764475.2,Pristis_pectinata,smalltooth_sawfish,685728,0,Chondrichthyes
GCA_028646535.1,Procyon_lotor,raccoon,9654,15,Mammalia
GCA_021464625.1,Proterorhinus_semilunaris,tubenose_goby,322563,1,Actinopteri
GCA_028641955.1,Protonibea_diacanthus,bony_fishes,335060,3,Actinopteri
GCA_019279795.1,Protopterus_annectens,West_African_lungfish,7888,18,Ceratodontoidei
GCA_902827115.2,Pseudochaenichthys_georgianus,South_Georgia_icefish,52239,1,Actinopteri
GCA_028646575.1,Pseudocheirus_occidentalis,Western_ringtail_oppossum,656515,45,Mammalia
GCA_028646515.1,Pseudochirops_corinnae,golden_ringtail_possum,65629,44,Mammalia
GCA_028627135.1,Pseudochirops_cupreus,coppery_ringtail_possum,37702,49,Mammalia
GCA_029220125.1,Pseudoliparis_swirei,bony_fishes,2059687,3,Actinopteri
GCA_028390025.1,Pseudophryne_corroboree,corroboree_frog,495146,184,Anura
GCA_024679245.1,Pseudorasbora_parva,stone_moroko,51549,3,Actinopteri
GCA_009769525.1,Pterocles_gutturalis,yellow-throated_sandgrouse,240206,1,Aves
GCA_028533765.1,Pteropus_rufus,Malagasy_flying_fox,196297,14,Mammalia
GCA_027422405.1,Ptychobarbus_kaznakovi,bony_fishes,263525,4,Actinopteri
GCA_949316345.1,Pungitius_pungitius,ninespine_stickleback,134920,3,Actinopteri
GCA_018831695.1,Puntigrus_tetrazona,Sumatra_barb,1606681,3,Actinopteri
GCA_028975605.1,Pusa_sibirica,Baikal_seal,9719,6,Mammalia
GCA_015220715.1,Pygocentrus_nattereri,red-bellied_piranha,42514,14,Actinopteri
GCA_004786255.1,Pyxicephalus_adspersus,frogs_and_toads,30357,98,Anura
GCA_019425775.1,Rafetus_swinhoei,Swinhoes_soft-shelled_turtle,904230,8,Testudines
GCA_029574335.1,Rana_kukunoris,plateau_brown_frog,670907,211,Anura
GCA_029206835.1,Rana_muscosa,mountain_yellow-legged_frog,160500,180,Anura
GCA_905171775.1,Rana_temporaria,common_frog,8407,202,Anura
GCA_019903745.2,Rangifer_tarandus,reindeer,86327,20,Mammalia
GCA_015227675.2,Rattus_norvegicus,Norway_rat,10116,36,Mammalia
GCA_011064425.1,Rattus_rattus,black_rat,10117,37,Mammalia
GCA_006182925.3,Reinhardtius_hippoglossoides,Greenland_flounder,111784,2,Actinopteri
GCA_028389875.1,Rhea_pennata,lesser_rhea,8795,2,Aves
GCA_013398505.2,Rhegmatorhina_hoffmannsi,white-breasted_antbird,468512,12,Aves
GCA_901001135.2,Rhinatrema_bivittatum,two-lined_caecilian,194408,16,Gymnophiona
GCA_021869965.1,Rhincodon_typus,whale_shark,259920,0,Chondrichthyes
GCA_030035675.1,Rhineura_floridana,Florida_worm_lizard,261503,11,Squamata
GCA_028646465.1,Rhinoceros_unicornis,greater_Indian_rhinoceros,9809,22,Mammalia
GCA_019453435.1,Rhinogobius_similis,barecheek_goby,1263952,1,Actinopteri
GCA_004115265.3,Rhinolophus_ferrumequinum,greater_horseshoe_bat,59479,17,Mammalia
GCA_007565055.1,Rhinopithecus_roxellana,golden_snub-nosed_monkey,61622,24,Mammalia
GCA_027574665.1,Rhynochetos_jubatus,kagu,54386,2,Aves
GCA_028500815.1,Rissa_tridactyla,black-legged_kittiwake,75485,3,Aves
GCA_023566225.1,Romanogobio_albipinnatus,white-finned_gudgeon,260767,3,Actinopteri
GCA_028533395.1,Rousettus_madagascariensis,Madagascan_rousette,77223,13,Mammalia
GCA_021498475.1,Saguinus_midas,Midas_tamarin,30586,22,Mammalia
GCA_902148845.1,Salarias_fasciatus,jewelled_blenny,181472,2,Actinopteri
GCA_905237065.2,Salmo_salar,Atlantic_salmon,8030,12,Actinopteri
GCA_901001165.2,Salmo_trutta,river_trout,8032,14,Actinopteri
GCA_029448725.1,Salvelinus_fontinalis,brook_trout,8038,10,Actinopteri
GCA_016432855.1,Salvelinus_namaycush,lake_trout,8040,12,Actinopteri
GCA_008315115.2,Sander_lucioperca,pikeperch,283035,2,Actinopteri
GCA_902635505.1,Sarcophilus_harrisii,Tasmanian_devil,9305,19,Mammalia
GCA_024453875.1,Scardinius_erythrophthalmus,rudd,58319,3,Actinopteri
GCA_020382885.1,Scatophagus_argus,bony_fishes,75038,3,Actinopteri
GCA_016801065.1,Sceloporus_tristichus,plateau_fence_lizard,190870,19,Squamata
GCA_019175285.1,Sceloporus_undulatus,fence_lizard,8520,23,Squamata
GCA_027474115.1,Schizopygopsis_malacanthus,bony_fishes,361645,4,Actinopteri
GCA_027422435.1,Schizopygopsis_pylzovi,bony_fishes,263523,4,Actinopteri
GCA_027422415.1,Schizothorax_lantsangensis,bony_fishes,343527,4,Actinopteri
GCA_014183145.1,Sciaenops_ocellatus,red_drum,76340,4,Actinopteri
GCA_902686445.2,Sciurus_carolinensis,gray_squirrel,30640,27,Mammalia
GCA_902686455.2,Sciurus_vulgaris,Eurasian_red_squirrel,55149,25,Mammalia
GCA_900964775.1,Scleropages_formosus,Asian_bonytongue,113540,15,Actinopteri
GCA_027409825.1,Scomber_japonicus,chub_mackerel,13676,3,Actinopteri
GCA_022379125.1,Scophthalmus_maximus,turbot,52904,2,Actinopteri
GCA_023238725.1,Scortum_barcoo,barcoo_grunter,214431,4,Actinopteri
GCA_902713615.2,Scyliorhinus_canicula,smaller_spotted_catshark,7830,0,Chondrichthyes
GCA_014673565.1,Sebastes_schlegelii,Schlegels_black_rockfish,214486,3,Actinopteri
GCA_015220745.1,Sebastes_umbrosus,honeycomb_rockfish,72105,3,Actinopteri
GCA_022539315.2,Serinus_canaria,Common_canary,9135,7,Aves
GCA_021018895.1,Seriola_aureovittata,bony_fishes,2871759,2,Actinopteri
GCA_001746935.2,Setophaga_coronata,myrtle_warbler,1037456,1,Aves
GCA_021292165.1,Shinisaurus_crocodilurus,lizards_&_snakes,52224,0,Squamata
GCA_946808225.1,Silurus_aristotelis,Aristotle's_catfish,933932,0,Actinopteri
GCA_014805685.1,Silurus_meridionalis,bony_fishes,175797,7,Actinopteri
GCA_020085105.1,Siniperca_chuatsi,mandarin_fish,119488,1,Actinopteri
GCA_011952075.1,Siniperca_knerii,big-eye_mandarin_fish,214812,1,Actinopteri
GCA_027580175.1,Siniperca_scherzeri,leopard_mandarin_fish,228252,1,Actinopteri
GCA_020466265.1,Siphamia_tubifer,tuber_cardinalfish,1536898,4,Actinopteri
GCA_019176455.1,Solea_senegalensis,Senegalese_sole,28829,1,Actinopteri
GCA_027595985.1,Sorex_araneus,European_shrew,42254,53,Mammalia
GCA_900880675.2,Sparus_aurata,gilthead_seabream,8175,3,Actinopteri
GCA_027358695.2,Spea_bombifrons,plains_spadefoot_toad,233779,64,Anura
GCA_902148855.1,Sphaeramia_orbicularis,orbiculate_cardinalfish,375764,5,Actinopteri
GCA_021028975.2,Sphaerodactylus_townsendi,lizards_&_snakes,933632,0,Squamata
GCA_027474245.1,Spheniscus_humboldti,Humboldt's_penguin,9240,0,Aves
GCA_022829025.1,Squalius_cephalus,European_chub,8284,3,Actinopteri
GCA_022316705.1,Stegostoma_fasciatum,sharks_&_rays,378071,0,Chondrichthyes
GCA_028646385.1,Steno_bredanensis,rough-toothed_dolphin,46167,0,Mammalia
GCA_009819605.1,Sterna_hirundo,Common_tern,108405,3,Aves
GCA_011074415.1,Stictonetta_naevosa,freckled_duck,45637,2,Aves
GCA_901699155.2,Streptopelia_turtur,birds,177155,1,Aves
GCA_004027225.2,Strigops_habroptila,Kakapo,2489341,1,Aves
GCA_023376015.1,Sturnus_vulgaris,Common_starling,9172,6,Aves
GCA_024139225.1,Suncus_etruscus,white-toothed_pygmy_shrew,109475,29,Mammalia
GCA_006229205.1,Suricata_suricatta,meerkat,37032,16,Mammalia
GCA_000003025.6,Sus_scrofa,pig,9823,15,Mammalia
GCA_009819655.1,Sylvia_atricapilla,blackcap,48155,13,Aves
GCA_014839755.1,Sylvia_borin,garden_warbler,73324,14,Aves
GCA_015711505.1,Sylvilagus_bachmani,brush_rabbit,365149,26,Mammalia
GCA_949820135.1,Sylvilagus_floridanus,eastern_cottontail,9988,31,Mammalia
GCA_028878055.1,Symphalangus_syndactylus,siamang,9590,22,Mammalia
GCA_947650265.1,Symphodus_melops,corkwing_wrasse,171736,4,Actinopteri
GCA_029721515.1,Synanceia_verrucosa,stonefish,51996,2,Actinopteri
GCA_029718625.1,Synaphobranchus_kaupii,Kaup's_arrowtooth_eel,118154,0,Actinopteri
GCA_027744825.1,Synchiropus_splendidus,mandarinfish,270530,8,Actinopteri
GCA_019802595.1,Syngnathoides_biaculeatus,alligator_pipefish,300417,1,Actinopteri
GCA_901709675.2,Syngnathus_acus,greater_pipefish,161584,1,Actinopteri
GCA_024217435.4,Syngnathus_scovelli,Gulf_pipefish,161590,1,Actinopteri
GCA_015852505.1,Tachyglossus_aculeatus,Australian_echidna,9261,3,Mammalia
GCA_022655615.1,Tachysurus_fulvidraco,yellow_catfish,1234273,5,Actinopteri
GCA_030014155.1,Tachysurus_vachellii,bony_fishes,175792,7,Actinopteri
GCA_029959045.1,Taenioides_sp._WSHXM2023,bony_fishes,3041818,1,Actinopteri
GCA_003957565.4,Taeniopygia_guttata,zebra_finch,59729,7,Aves
GCA_004026145.2,Takifugu_bimaculatus,bony_fishes,433685,4,Actinopteri
GCA_003711565.2,Takifugu_flavidus,sansaifugu,433684,6,Actinopteri
GCA_901000725.3,Takifugu_rubripes,torafugu,31033,4,Actinopteri
GCA_023851605.1,Tamandua_tetradactyla,southern_tamandua,48850,6,Mammalia
GCA_025594165.1,Tamias_sibiricus,Siberian_chipmunk,64680,20,Mammalia
GCA_028533255.1,Tapirus_terrestris,Brazilian_tapir,9801,18,Mammalia
GCA_009769465.1,Tauraco_erythrolophus,red-crested_turaco,121530,3,Aves
GCA_910589615.1,Taurulus_bubalis,bony_fishes,61643,3,Actinopteri
GCA_020745685.1,Tautogolabrus_adspersus,cunner,34787,4,Actinopteri
GCA_933228915.1,Telmatherina_bonti,bony_fishes,446457,3,Actinopteri
GCA_902500255.1,Thalassophryne_amazonica,bony_fishes,390379,4,Actinopteri
GCA_023658055.1,Thaleichthys_pacificus,eulachon,240832,4,Actinopteri
GCA_009823395.1,Thamnaconus_septentrionalis,bony_fishes,435163,4,Actinopteri
GCA_009769535.1,Thamnophis_elegans,Western_terrestrial_garter_snake,35005,0,Squamata
GCA_020745775.1,Theristicus_caerulescens,plumbeous_ibis,1118847,2,Aves
GCA_003255815.1,Theropithecus_gelada,gelada,9565,28,Mammalia
GCA_914725855.1,Thunnus_albacares,yellowfin_tuna,8236,2,Actinopteri
GCA_910596095.1,Thunnus_maccoyii,southern_bluefin_tuna,8240,1,Actinopteri
GCA_007646695.3,Thylacinus_cynocephalus,Tasmanian_wolf,9275,14,Mammalia
GCA_023634145.1,Thymallus_thymallus,grayling,36185,9,Actinopteri
GCA_016801885.1,Toxotes_chatareus,largescale_archerfish,270537,4,Actinopteri
GCA_017976425.1,Toxotes_jaculatrix,banded_archerfish,941984,4,Actinopteri
GCA_013100865.1,Trachemys_scripta,red-eared_slider_turtle,31138,9,Testudines
GCA_028533065.1,Trachops_cirrhosus,bats,148073,18,Mammalia
GCA_905171665.2,Trachurus_trachurus,Atlantic_horse_mackerel,36212,2,Actinopteri
GCA_028551375.1,Tremarctos_ornatus,spectacled_bear,9638,17,Mammalia
GCA_030014385.1,Trichomycterus_rosablanca,bony_fishes,2290929,8,Actinopteri
GCA_011100635.1,Trichosurus_vulpecula,common_brushtail,9337,44,Mammalia
GCA_029783895.1,Triplophysa_bombifrons,bony_fishes,1652672,5,Actinopteri
GCA_015846415.1,Triplophysa_dalaica,bony_fishes,1582913,5,Actinopteri
GCA_024868665.1,Triplophysa_rosa,bony_fishes,992332,3,Actinopteri
GCA_008369825.1,Triplophysa_tibetana,bony_fishes,1572043,7,Actinopteri
GCA_020746105.1,Trogon_surrucura,Suruca_trogon,297711,10,Aves
GCA_011762595.1,Tursiops_truncatus,common_bottlenose_dolphin,9739,0,Mammalia
GCA_028551405.1,Uromys_caudimaculatus,giant_uromys,36800,36,Mammalia
GCA_023065955.2,Ursus_arctos,brown_bear,9644,18,Mammalia
GCA_028533085.1,Varecia_variegata,ruffed_lemur,9455,20,Mammalia
GCA_026259375.1,Verasper_variegatus,spotted_halibut,82366,2,Actinopteri
GCA_026979565.1,Vidua_chalybeata,birds,81927,7,Aves
GCA_024509145.1,Vidua_macroura,Pin-tailed_whydah,187451,3,Aves
GCA_022828995.1,Vimba_vimba,vimba_bream,155067,3,Actinopteri
GCA_024294585.1,Vipera_latastei,snakes,246179,1,Squamata
GCA_947247035.1,Vipera_ursinii,snakes,103942,1,Squamata
GCA_028626985.1,Vombatus_ursinus,common_wombat,29139,25,Mammalia
GCA_024500485.1,Vulpes_ferrilata,Tibetan_sand_fox,561074,17,Mammalia
GCA_018345385.1,Vulpes_lagopus,Arctic_fox,494514,17,Mammalia
GCA_014839995.1,Xenentodon_cancila,freshwater_garfish,129108,0,Actinopteri
GCA_024363595.1,Xenopus_borealis,Kenyan_clawed_frog,8354,50,Anura
GCA_017654675.1,Xenopus_laevis,African_clawed_frog,8355,50,Anura
GCA_000004195.4,Xenopus_tropicalis,tropical_clawed_frog,8364,50,Anura
GCA_028644305.1,Xerus_rutilus,unstriped_ground_squirrel,226860,18,Mammalia
GCA_016859285.1,Xiphias_gladius,swordfish,8245,3,Actinopteri
GCA_001444195.3,Xiphophorus_couchianus,Monterrey_platyfish,32473,1,Actinopteri
GCA_003331165.2,Xiphophorus_hellerii,green_swordtail,8084,1,Actinopteri
GCA_002775205.2,Xiphophorus_maculatus,southern_platyfish,8083,1,Actinopteri
GCA_025860055.1,Xyrauchen_texanus,razorback_sucker,154827,10,Actinopteri
GCA_009762305.2,Zalophus_californianus,California_sea_lion,9704,5,Mammalia
GCA_023566125.1,Zingel_zingel,zingel,210855,1,Actinopteri
GCA_028769735.1,Zonotrichia_leucophrys,birds,44393,13,Aves
GCA_011800845.1,Zootoca_vivipara,common_lizard,8524,30,Squamata