,names,chr,first,last,direction,seqs,source,feature,score,strand,frame,attribute,query
459,birds,CM051184.1,32893796,32894731--1,-1,MMTSFALLCLSIAIIESMAGILGNGIILAASSLSCIGSKTWPPYDIIVISLSSSRFIVQSWNTLDYFMNIFYENFFYKENLLTAAKIMFTFLSYSSLWFGAWLSVFYCIKVASFTQSFFIWLKLRIARLVPWMLLTSWLCSFTAAIPFTWDVYSVHENITALSSMTNTSAWTTTRKDNLGLLILICNAGIGMPLILSVVSSVLLIWSLWIHTRRMQNNASGFRDPSLEAHMKAIKSVCSFLFLYIIYFICVLFILFNIFSPLSNGEMICVVLMAACPTAHTLVLIWSNPKFQQLPPRIWHHINCHGRTACM*,Genome,exon,.,-,0,"gene_id ""tas2r459""; transcript_id ""tas2r459.1""",birds_CM051184.1:32893796-32894731--1
458,birds,CM051184.1,32900559,32901518--1,-1,MITSPSVAMMTSFALLCLSIAIIESMAGILGNGIILAASSLSCIGSKTWPPYDMIVISLSSSRLILQSWNTLDYFMNIFYENFFYKENLLTAAKIMFTFLSYSSLWFGAWLSVFYCIKVASFTQSFFIWLKLRIARLVPWMLLTSWLCSFTAAISFTWDVYSVHENITAPSSMTNSSAWTTTRKDNLGLLILICNAGIGMPLILSVVSSVLLIWSLWIHTRRMQNNASGFRDPSLEAHMKAIKSVCSFLFLYIIYFICVLIIVFNVFSALSNADSICVVLLAACPTAHTLVLIWSNPKFQQLPPRIWHHINCHGRTACM*,Genome,exon,.,-,0,"gene_id ""tas2r458""; transcript_id ""tas2r458.1""",birds_CM051184.1:32900559-32901518--1
162,birds,CM051184.1,32907036,32907971--1,-1,MMTSFALLCLSIAIIESMAGILGNGIILAAFSLSCIGSKTWPPYDMIVISLSSSRLILQSWNTLNFLMTIFYKPFIYTKNVYIASQTIFTFLNYSSLWFGAWLSVFYCIKVASFTQSFFIWLKLRIARLVPWMLLTSWLCSFTAAIPFTWDVYSVHENITAASSMTNSSARRTTKNDRLTLLIYLWNASTPLPLTLSVVSSVLLIWSLWIHTRRMQNNASGFRDPSLEAHMKAIKSVCSFLVLYITYFICLLLIYCRVFSLSSDEECMCIVILAACPTGHTMVLIWSNPKFQELPARIWDHINCPVRSISI*,Genome,exon,.,-,0,"gene_id ""tas2r162""; transcript_id ""tas2r162.1""",birds_CM051184.1:32907036-32907971--1
929,birds,CM051184.1,36941611,36942576--1,-1,MLPPLLIVSISIVAVEVVVGFIGNGFITTVNIINWIKSKKTSSADMILIFLSTSRFILQVTVLMHIHSLYFADVFKLASVYKDFAAVWMFVNHSSLWFSTWLYVLYCVKIINTTHWLLLQIKCRIAGMVPWLLLGSLVISSMTSLPLLWITPNTYLCSSTGNCRENSTADIMDWDSSSLYLLLLYFVGCFFPLVLSVVTSALLITSLWKHRKTMQCYADTFTDAMIDVHLNAIKSIISFLNLYLSSFVAQILLILSTSQSKDVVKVAVSLVVVEAYPSMHSITLIIVNSKLKLLFRKICLHFKCHLEDKPPSSRLERNTLQ*,Genome,exon,.,-,0,"gene_id ""tas2r929""; transcript_id ""tas2r929.1""",birds_CM051184.1:36941611-36942576--1
2409,birds,CM051185.1,112106238,112107191-1,1,MEACHPPQQFNVTAHGATAVAIITLEAFAGMWINAFIVCLLCIAWVQKKTLNSNEKILLLLGCSRISYLCFSWVSHFLSKIYPNYLYAPTILPLLAIFQTFSNYSNLWVSACLCGFYCIKIANFRNSFFIYLEVKVDRMVPWLLLGSEIVALAMGIVVYDLMETAQSSNLTLTCQENFWEARIKMDKHFFSSFFLTGFGYAASFLAVFFSAVFLLFSLWRHKRTMQTRSMKDLSMDAHIRAMKSVLSFLVMFSINFVCLILTTIYAMKKENIITLLISVYLCAFPGVHSLILIFSNPKLEKALLKILSCVKCEFFTK*,Genome,exon,.,+,0,"gene_id ""tas2r2409""; transcript_id ""tas2r2409.1""",birds_CM051185.1:112106238-112107191-1
1633,birds,CM051185.1,112112251,112113204-1,1,MEACHPTQQYNVTSYGATTVAIITLEAFAGMWINAFIVCVLCIGWVKKKTWNSNEKILLLLGCSRIRFVCFAWVYQFISIIYPNILHVQTILQLLASCAAVFNYSSLWVSACLCGFYCIKIASFRNSFFIYLKVKVDRMVPWLLLGSEIVASAMGIVVYDLHETLQMNNITSTSQGNFWEVAIRKDIHLLFSCFLSGLVFALPFLAVFFSAVFLLFSLWRHKRTMQTSSMKDLSMDAHIRAMKSVLSFLVMYSINFVCLVLTIIYATKKENVITLLIYIYLFAFPGVHSLILIFSNPKLEKALLKILSCVKCVFFTK*,Genome,exon,.,+,0,"gene_id ""tas2r1633""; transcript_id ""tas2r1633.1""",birds_CM051185.1:112112251-112113204-1
1256,birds,CM051185.1,112116862,112117815-1,1,MEASLFPQQSNVTSYGPTTVAIITLEVSLGMWINAFLVCVLCIGWVKKKTLNSNEKILLLLGCSRISYLCFTWIYHFLSMIYPHILHVQTIRQLIRSLATFFNYSSLWVSACLCGFYCIKIANFRNSFFIYLKVKVDRMVPWLLLGSETVALAMSVFISDLSETLQMNNITSTSQGNFWEVTIRKDIHLFSTFLLSGFVFAASFLVVTFSAVFLLFSLWRHKRMMQTSSMKDLSMDAHIRAMKSVLSFLVMYSINFVCLVLTIIYTTKKENIMKLLLYMYLCAFPGVHSLILIFSNPKLEKALLKMLSCVKLEFFMK*,Genome,exon,.,+,0,"gene_id ""tas2r1256""; transcript_id ""tas2r1256.1""",birds_CM051185.1:112116862-112117815-1
1184,birds,CM051185.1,112125132,112126085-1,1,MEASLLPQQSNVTSYGPTTVAIITLEVFVGMWINAFIVCVLCIGWVKKKTLNSNEKILLLLGCSRISSLCFTWIYRFLSMIYPHILHVQTIRQLIRSLATFFNYSSLWVSACLCGFYCVKIANFRNSFFIYLKVKVDRMVPWLLLGSEILALAISIFTYVLSESLQMNNITSTSQENFWEVTIRKNKHLFSSHFLAGLVFAASFLVVTFSAVFLLFSLRRHKRTMQTNSMKDLSMDAHIRAMKSVLSFLVMYSINFVCLILKIIYATKKENIIKLLIYMYLFAFPGVHSLILIFSNPKLEKALLRILSCVKCEGFIK*,Genome,exon,.,+,0,"gene_id ""tas2r1184""; transcript_id ""tas2r1184.1""",birds_CM051185.1:112125132-112126085-1
1949,birds,CM051185.1,112135456,112136409-1,1,MEACHPPQQFNVTAHGATAVAIITLEAFAGMWINAFIVCLLCIAWVQKKTLNSNEKILLLLGCSRISYLCFSWVSHFLSKIYPNYLYAPTILQLLAIFQTFSNYSNLWVSACLCGFYCIKIANFRNSFFIYLEVKVDRMVPWLLLGSEIVALAMGIVVYDLMETAQSSNLTLTCQENFWEARIKMDKHFFSSFFLTGFGYAASFLAVFFSAVFLLFSLWRHKRTMQTNSIKDLSMDAHIRAMKSVLSFLVMYSINFVCLILTIIYTMKDETTMTLLISIYLCGFPGVHSLILIFSNPTLEKAMLKTLSCVKCEFFIK*,Genome,exon,.,+,0,"gene_id ""tas2r1949""; transcript_id ""tas2r1949.1""",birds_CM051185.1:112135456-112136409-1
2775,birds,CM051185.1,112146025,112146978-1,1,MEASPFAQQSNVSSYGPMALAITTLVAFPGMWINAFIICVLCIGWVKKKTLNSNEKILLLLGFSRFWCLCFSWIYVFVTEIFPYYLLVHPIFQLLQGSYSFFNCSSLLVSACLCGFYCIKIANFRNRFFSHLKGKIDMMVPWLLLGSVMFSLITGIFVYNTIDKTVCRNLNFTSQESLSKTAIGREKLLFPLYFLIGFLFTTSFMVVIISAVFLLFSLWRHKCKMQTNSMNSLSMDAHIRAMKSVLSFFIMYSINFMFLILTLVYSMAYQSHVLVLAQLIQYAFPGVHSLFLILSNPKLEKTLLRILSCVKCKFCMR*,Genome,exon,.,+,0,"gene_id ""tas2r2775""; transcript_id ""tas2r2775.1""",birds_CM051185.1:112146025-112146978-1
3061,birds,CM051185.1,112150344,112151297-1,1,MEACHPSRQPKVTSYGAMALAIITLEAFPGMWINAFLVCVLCIGWVKKKTLNSNEKILLLLGCSRFWYLCFSWVYCSLSTTYPNFLFVQPTFQLIVLFQSFSNCSNLWVSACLCVFYCIKIATFRNRFFIYLKLKTDRIVPWLLLASLLSALAIGIIAYDIAVTELSINHNSTGQGNFSKVSDKMGENFFQIYFIYGLGFVTSFTVVISSALLLLFSLWRHKCKMQKNSMNSLSMDAHIKAMKSILSFFIMYSINFIFLILSLIPSTKEEKYVALLSLIFLYAFPGVHSLIVIFSNPKLEKTLIRIISCVKCKDCMK*,Genome,exon,.,+,0,"gene_id ""tas2r3061""; transcript_id ""tas2r3061.1""",birds_CM051185.1:112150344-112151297-1
2952,birds,CM051185.1,112153377,112154336-1,1,MEACHPTQQYNVTSYGVLNVSIITLEAFAGMWINAFIVCVLCIACVKKKTLNSNEKILLLLGCSRFWYLCIAWIYKFLSFIYPNYLYVHTILQLAVFFQAFFDHCNLWFSASLCGFYCIKIATFRNRFFIYLKLKIDRMVPWLLLGSGILALAVGIVAYDVADTPHCNSNSTGQGNFGTANIKMDKHFFPSFFLAGFEYAASFMAVIFSAVFLLFSLWRHKCTMQTNSMKDLSMDAHIRAMKSIFSFLVVYSINFVCLVLNMVYVTKKLNHMTFLILVFQYIFPGLHSLVLVFSNPKLEKALLKILPLERSVKRKVCMS*,Genome,exon,.,+,0,"gene_id ""tas2r2952""; transcript_id ""tas2r2952.1""",birds_CM051185.1:112153377-112154336-1
1899,birds,CM051185.1,73551655,73552608--1,-1,MEACHPPQQSNGTSYGAMALAIITLEVFAGMWINAFIVCVLCIAWVKKKTLNSNEKILLLLGCSRISFLCDAWLYHFLSKIFPNLLHFQTILQVLASIGTSFNYSNLWISACLCGFYCIKIANFRNSFFIYLKVKIDRMVPWLLLGTEILALAISIITYVLGETLQRSNINFTGQENFWEVTIRKDKHLFSSHFLAGLVLTASFLVVTFSAVFLLFSLWRHKRMMQTNSMKDLNMDAHIRAMKSVLSFLVMYSINFVCLILTIIYTTKKENIMTLLIYIYLYAFPGVHSLILIFSNPKLEKALLKFLSCVKWEFFMK*,Genome,exon,.,-,0,"gene_id ""tas2r1899""; transcript_id ""tas2r1899.1""",birds_CM051185.1:73551655-73552608--1
2262,birds,CM051185.1,73557753,73558706--1,-1,MEACHPPQQSNGTSYGAMALAIITLEVFAGMWINAFIVCVLCIAWVKKKTLNSNEKILLLLGCSRISFLCDAWLYHFLSKIFPNLLHFQTILQVLASIGTSFNYSNLWISACLCGFYCIKIANFRNSFFIYLKVKIDRMVPWLLLGTGILALAMVIVTYVLKETLQKNNITFTGQENFWEVTIRKDKHLFPFHFLAGLVFAASFLVVTFSAVFLLFSLWRHKRMMQTNSMKDLSMDAHIRAMKSVLSFLVMYSINFVCLILTIIYDTKKDNIMTLLIYIYLHAFPSVHSLILIFSNPKLEKALLKFLSCVKWEFFMK*,Genome,exon,.,-,0,"gene_id ""tas2r2262""; transcript_id ""tas2r2262.1""",birds_CM051185.1:73557753-73558706--1
