birds_CM051184.1:32907036-32907971--1	NC_052532.1	4.01e-88	77764173	77763250	56.494	NC_052532.1 Gallus gallus isolate bGalGal1 chromosome 1, bGalGal1.mat.broiler.GRCg7b, whole genome shotgun sequence	MSSLFSSFCLVIAIFESVVGLLGNGTIVAVSSTSCIRSKILSSYDVIVIFLSLSRFFLQLWMILDFLLIFFCQPSYYEENLFVTFKTVFIFLNSYSFWFAAWLSVFYCVKVASFTQSFLSWLKQRIASLIPWMLITSSLFSFATSLPFFWDSYNAHSNFTTPLTMTNSSKRITTRKTNLIFLILLCNVGIALPSIMLVFSSILLIRSLWRHTRQMQNNATGFRDPSLEALIGAIKTVFSFLLLYITNFIALILILSDTFVPLSTEEAICVVVVAACPAGQSMVLIWSNPRFRELLSSILHYINSCVRA	1	308
birds_CM051184.1:32907036-32907971--1	NC_052532.1	5.18e-25	190981034	190981969	33.439	NC_052532.1 Gallus gallus isolate bGalGal1 chromosome 1, bGalGal1.mat.broiler.GRCg7b, whole genome shotgun sequence	MLPPVLIVSMCIVAIEVVVGFMGNGFITAVNSINWIKSKRISAADMILIFLSTSRFILQV-TVMMYIHSLYFTDVFKLASVYKTFGAIWMFVNHASLWFSTWLYVLYCVKIINVTQWLLLQIKHRITAMIPWLLLGSLLISSVTSFPLLWITPNTYLCRSTGNCGDNSTAHISGWDSSHLYLLLLYFTGCFFPLVLSMITSGLLINSLWKHTKKMQCYVDSFRDPLIDVHLIAIKSIISFLILYISSFVAQILLTLST-SQSKDFVKVAVSLVVTGAYPSIHSIILIIVNSKLKLAFRMLCQHFMCHLENVNL*	1	312
birds_CM051184.1:32907036-32907971--1	NC_052534.1	2.34e-11	109652589	109651957	31.019	NC_052534.1 Gallus gallus isolate bGalGal1 chromosome 3, bGalGal1.mat.broiler.GRCg7b, whole genome shotgun sequence	FLSSSNLWTSTCLYAFYLMKIANFRHHFFIYLKARIDRIVPWLLLSSVVLSLLNCSPFLKVI--DEENRTSPNFTTQGIFWKTNEEIRKHFNSIISICTCGFSMAFILVTLFAFFLLFSLCRHKHKMQTSST--RSLSMDAHIKAMKSLLSFFFTFSIHYI-LLITTVYYSSKENFLVLLLLVLQYSFPVIHSLILIFSNPRLERIALRILPCAKC	91	304
birds_CM051184.1:32907036-32907971--1	NC_052533.1	6.9	87379520	87379365	40.385	NC_052533.1 Gallus gallus isolate bGalGal1 chromosome 2, bGalGal1.mat.broiler.GRCg7b, whole genome shotgun sequence	MNYGSLYGGSGLSFMQ*KKGAKFEAKCVFIWLCKSEFKQCVQWRELSNWSCS	92	141
birds_CM051184.1:32907036-32907971--1	NC_052533.1	7.6	40080985	40080833	33.333	NC_052533.1 Gallus gallus isolate bGalGal1 chromosome 2, bGalGal1.mat.broiler.GRCg7b, whole genome shotgun sequence	YIFINKLYDPNTFFFSFLNYHAHW--LWIGLFLCIHIKYFLKC-YVFLKSRILR	75	128
birds_CM051184.1:32900559-32901518--1	NC_052532.1	1.97e-92	77764176	77763244	56.592	NC_052532.1 Gallus gallus isolate bGalGal1 chromosome 1, bGalGal1.mat.broiler.GRCg7b, whole genome shotgun sequence	AMSSLFSSFCLVIAIFESVVGLLGNGTIVAVSSTSCIRSKILSSYDVIVIFLSLSRFFLQLWMILDFLLIFFCQPSYYEENLFVTFKTVFIFLNSYSFWFAAWLSVFYCVKVASFTQSFLSWLKQRIASLIPWMLITSSLFSFATSLPFFWDSYNAHSNFTTPLTMTNSSKRITTRKTNLIFLILLCNVGIALPSIMLVFSSILLIRSLWRHTRQMQNNATGFRDPSLEALIGAIKTVFSFLLLYITNFIALILILSDTFVPLSTEEAICVVVVAACPAGQSMVLIWSNPRFRELLSSILHYINSCVRARC	8	318
birds_CM051184.1:32900559-32901518--1	NC_052532.1	4.18e-24	190981016	190981948	32.051	NC_052532.1 Gallus gallus isolate bGalGal1 chromosome 1, bGalGal1.mat.broiler.GRCg7b, whole genome shotgun sequence	SDQSNKMLPPVLIVSMCIVAIEVVVGFMGNGFITAVNSINWIKSKRISAADMILIFLSTSRFILQV-TVMMYIHSLYFTDVFKLASVYKTFGAIWMFVNHASLWFSTWLYVLYCVKIINVTQWLLLQIKHRITAMIPWLLLGSLLISSVTSFPLLWITPNTYLCRSTGNCGDNSTAHISGWDSSHLYLLLLYFTGCFFPLVLSMITSGLLINSLWKHTKKMQCYVDSFRDPLIDVHLIAIKSIISFLILYISSFVAQILLTLSTSQSKDFVKVAVSLVVTGAYPSIHSIILIIVNSKLKLAFRMLCQHFMCH	3	313
birds_CM051184.1:32900559-32901518--1	NC_052534.1	3.31e-20	109652646	109651975	34.348	NC_052534.1 Gallus gallus isolate bGalGal1 chromosome 3, bGalGal1.mat.broiler.GRCg7b, whole genome shotgun sequence	FPQNLLDTGISLTFAIFMCFLSSSNLWTSTCLYAFYLMKIANFRHHFFIYLKARIDRIVPWLLLSSVVLSLLNCSPFLKVI--DEENRTSPNFTTQGIFWKTNEEIRKHFNSIISICTCGFSMAFILVTLFAFFLLFSLCRHKHKMQTSST--RSLSMDAHIKAMKSLLSFFFTFSIHYILLITTVY--YSSKENFLVLLLLVLQYSFPVIHSLILIFSNPRLERIALRI	85	306
birds_CM051184.1:32900559-32901518--1	NC_052535.1	5.6	75096328	75096414	51.724	NC_052535.1 Gallus gallus isolate bGalGal1 chromosome 4, bGalGal1.mat.broiler.GRCg7b, whole genome shotgun sequence	PQSLLTEESCSLTTANTFTLDVYPIHTHI	139	167
birds_CM051184.1:32900559-32901518--1	NC_052533.1	5.9	113222071	113221868	33.766	NC_052533.1 Gallus gallus isolate bGalGal1 chromosome 2, bGalGal1.mat.broiler.GRCg7b, whole genome shotgun sequence	PELNKPRDHSRSSCAFLSRPFTIFIVLLWRVIVFN---------SVCVLFLL*CPKRHTLLKVRPHQCGIIPSFDQL	233	302
birds_CM051184.1:32893796-32894731--1	NC_052532.1	9.54e-99	77764173	77763244	57.097	NC_052532.1 Gallus gallus isolate bGalGal1 chromosome 1, bGalGal1.mat.broiler.GRCg7b, whole genome shotgun sequence	MSSLFSSFCLVIAIFESVVGLLGNGTIVAVSSTSCIRSKILSSYDVIVIFLSLSRFFLQLWMILDFLLIFFCQPSYYEENLFVTFKTVFIFLNSYSFWFAAWLSVFYCVKVASFTQSFLSWLKQRIASLIPWMLITSSLFSFATSLPFFWDSYNAHSNFTTPLTMTNSSKRITTRKTNLIFLILLCNVGIALPSIMLVFSSILLIRSLWRHTRQMQNNATGFRDPSLEALIGAIKTVFSFLLLYITNFIALILILSDTFVPLSTEEAICVVVVAACPAGQSMVLIWSNPRFRELLSSILHYINSCVRARC	1	310
birds_CM051184.1:32893796-32894731--1	NC_052532.1	4.04e-30	190981034	190981948	33.007	NC_052532.1 Gallus gallus isolate bGalGal1 chromosome 1, bGalGal1.mat.broiler.GRCg7b, whole genome shotgun sequence	MLPPVLIVSMCIVAIEVVVGFMGNGFITAVNSINWIKSKRISAADMILIFLSTSRFILQV-TVMMYIHSLYFTDVFKLASVYKTFGAIWMFVNHASLWFSTWLYVLYCVKIINVTQWLLLQIKHRITAMIPWLLLGSLLISSVTSFPLLWITPNTYLCRSTGNCGDNSTAHISGWDSSHLYLLLLYFTGCFFPLVLSMITSGLLINSLWKHTKKMQCYVDSFRDPLIDVHLIAIKSIISFLILYISSFVAQILLTLSTSQSKDFVKVAVSLVVTGAYPSIHSIILIIVNSKLKLAFRMLCQHFMCH	1	305
birds_CM051184.1:32893796-32894731--1	NC_052534.1	1.05e-20	109652814	109651975	32.986	NC_052534.1 Gallus gallus isolate bGalGal1 chromosome 3, bGalGal1.mat.broiler.GRCg7b, whole genome shotgun sequence	QALAGMGINAFIVAASCMAWFKKKGMNSNEKILLFLGCFRFWYLCATWIYLIISV-LFPQNLLDTGISLTFA-IFMCFLSSSNLWTSTCLYAFYLMKIANFRHHFFIYLKARIDRIVPWLLLSSVVLSLLNCSPFLKVI--DEENRTSPNFTTQGIFWKTNEEIRKHFNSIISICTCGFSMAFILVTLFAFFLLFSLCRHKHKMQTSST--RSLSMDAHIKAMKSLLSFFFTFSIHYILLITTVY--YSSKENFLVLLLLVLQYSFPVIHSLILIFSNPRLERIALRI	16	298
birds_CM051184.1:32893796-32894731--1	NC_052535.1	6.8	75096328	75096435	48.649	NC_052535.1 Gallus gallus isolate bGalGal1 chromosome 4, bGalGal1.mat.broiler.GRCg7b, whole genome shotgun sequence	PQSLLTEESCSLTTANTFTLDVYPIHTHI-AVSNCSN	131	167
birds_CM051184.1:32893796-32894731--1	NC_052535.1	8.5	67496870	67496637	29.787	NC_052535.1 Gallus gallus isolate bGalGal1 chromosome 4, bGalGal1.mat.broiler.GRCg7b, whole genome shotgun sequence	HNLSNNSSSFRKYSAALAMKQH------------FLNCVLFYFF-IFSPLNFPLKVCRKGTSICPTTHSL---FPTEKIVTL*SKVNNSMTCTG	213	306
birds_CM051184.1:36941611-36942576--1	NC_052532.1	7.24e-133	190981034	190981957	80.519	NC_052532.1 Gallus gallus isolate bGalGal1 chromosome 1, bGalGal1.mat.broiler.GRCg7b, whole genome shotgun sequence	MLPPVLIVSMCIVAIEVVVGFMGNGFITAVNSINWIKSKRISAADMILIFLSTSRFILQVTVMMYIHSLYFTDVFKLASVYKTFGAIWMFVNHASLWFSTWLYVLYCVKIINVTQWLLLQIKHRITAMIPWLLLGSLLISSVTSFPLLWITPNTYLCRSTGNCGDNSTAHISGWDSSHLYLLLLYFTGCFFPLVLSMITSGLLINSLWKHTKKMQCYVDSFRDPLIDVHLIAIKSIISFLILYISSFVAQILLTLSTSQSKDFVKVAVSLVVTGAYPSIHSIILIIVNSKLKLAFRMLCQHFMCHLEN	1	308
birds_CM051184.1:36941611-36942576--1	NC_052532.1	7.18e-38	77764116	77763244	36.301	NC_052532.1 Gallus gallus isolate bGalGal1 chromosome 1, bGalGal1.mat.broiler.GRCg7b, whole genome shotgun sequence	GLLGNGTIVAVSSTSCIRSKILSSYDVIVIFLSLSRFFLQLWMILDFLLIFFCQPSYYEENLFVTFKTVFIFLNSYSFWFAAWLSVFYCVKVASFTQSFLSWLKQRIASLIPWMLITSSLFSFATSLPFFWDSYNAHSNFTTPLTMTNSSKRITTRKTNLIFLILLCNVGIALPSIMLVFSSILLIRSLWRHTRQMQNNATGFRDPSLEALIGAIKTVFSFLLLYITNFIA-LILILSDTFVPLSTEEAICVVVVAACPAGQSMVLIWSNPRFRELLSSILHYINSCVRARC	20	304
birds_CM051184.1:36941611-36942576--1	NC_052534.1	7.57e-13	109652790	109651930	28.188	NC_052534.1 Gallus gallus isolate bGalGal1 chromosome 3, bGalGal1.mat.broiler.GRCg7b, whole genome shotgun sequence	NAFIVAASCMAWFKKKGMNSNEKILLFLGCFRFWYLCATWIYLIISVLFPQNLLDTGISLTFAIFMCFLSSSNLWTSTCLYAFYLMKIANFRHHFFIYLKARIDRIVPWLLLSSVVLSLLNCSPFLKVI------DEENRTSPNFTTQGIFWKTNEEIRKHFNSIISICTCGFSMAFILVTLFAFFLLFSLCRHKHKMQ--TSSTRSLSMDAHIKAMKSLLSF---FFTFSIHYILLITTVYYSSKENFLVLLLLVLQYSFPVIHSLILIFSNPRLERIALRILPCAKCKECARQPTE	24	313
birds_CM051185.1:112125132-112126085-1	NC_052534.1	2.37e-67	109652874	109651954	48.077	NC_052534.1 Gallus gallus isolate bGalGal1 chromosome 3, bGalGal1.mat.broiler.GRCg7b, whole genome shotgun sequence	MAEQHNTTSSSSAFVVIFAFQALAGMGINAFIVAASCMAWFKKKGMNSNEKILLFLGCFRFWYLCATWIYLIISVLFPQNLLDTGISLTFAIFMCFLSSSNLWTSTCLYAFYLMKIANFRHHFFIYLKARIDRIVPWLLLSSVVLSLLNCSPFLKVIDE----ENRTSPNFTTQGIFWKTNEEIRKHFNSIISICTCGFSMAFILVTLFAFFLLFSLCRHKHKMQTSSTRSLSMDAHIKAMKSLLSFFFTFSIHYILLITTVYYSS-KENFLVLLLLVLQYSFPVIHSLILIFSNPRLERIALRILPCAKCK	6	313
birds_CM051185.1:112125132-112126085-1	NC_052534.1	5.6	32271293	32271427	43.137	NC_052534.1 Gallus gallus isolate bGalGal1 chromosome 3, bGalGal1.mat.broiler.GRCg7b, whole genome shotgun sequence	CSPLSSLCFFPLYFLEYLKLIFPHLSHIFT------STLTFSNSSSLQTRA	63	111
birds_CM051185.1:112125132-112126085-1	NC_052532.1	1.18e-25	77764146	77763247	31.046	NC_052532.1 Gallus gallus isolate bGalGal1 chromosome 1, bGalGal1.mat.broiler.GRCg7b, whole genome shotgun sequence	LVIAIFESVVGLLGNGTIVAVSSTSCIRSKILSSYDVIVIFLSLSRFF-LQLWMILDFLLIFFCQPSYYEENLFVTFKTVFIFLNSYSFWFAAWLSVFYCVKVASFTQSFLSWLKQRIASLIPWMLITSSLFSFATSLPFFWDSYNAHSNFTTPLTMTNSSKRITTRKTNLIF-LILLCNVGIALPSIMLVFSSILLIRSLWRHTRQMQNNATGFRDPSLEALIGAIKTVFSFLLLYITNFIALILILSDTFVPLSTEEAICVVVVA----ACPAGQSMVLIWSNPRFRELLSSILHYINSCVRAR	20	313
birds_CM051185.1:112125132-112126085-1	NC_052532.1	1.20e-23	190981058	190981942	30.818	NC_052532.1 Gallus gallus isolate bGalGal1 chromosome 1, bGalGal1.mat.broiler.GRCg7b, whole genome shotgun sequence	SMCIVAIEVVVGFMGNGFITAVNSINWIKSKRISAADMILIFLSTSRF-------ILQVTVMMYIHSLYFTDVFKLASVYKTFGAIWMFVNHASLWFSTWLYVLYCVKIINVTQWLLLQIKHRITAMIPWLLLGSLLISSVTSFPLLWITPNTYLCRSTGNCGD-NSTAHISGWD----------SSHLYLLLLYFTGCFFPLVLSMITSGLLINSLWKHTKKMQCYVDSFRDPLIDVHLIAIKSIISFLILYISSFVAQILLTLSTSQSKDFVKVAVSLVVTGAYPSIHSIILIIVNSKLKLA-FRML----CQHFM	19	316
birds_CM051185.1:112125132-112126085-1	NC_052532.1	7.0	68931654	68931544	40.541	NC_052532.1 Gallus gallus isolate bGalGal1 chromosome 1, bGalGal1.mat.broiler.GRCg7b, whole genome shotgun sequence	LCGFYSLKIHQVRSISDIYLKTTLEQQLSFLLLTPDL	113	149
birds_CM051185.1:112125132-112126085-1	NC_052532.1	7.9	176630184	176630098	44.828	NC_052532.1 Gallus gallus isolate bGalGal1 chromosome 1, bGalGal1.mat.broiler.GRCg7b, whole genome shotgun sequence	SPFFPHSSLWVPTALGQSYCISLDNTRNT	99	127
birds_CM051185.1:112125132-112126085-1	NC_052532.1	9.6	167764177	167763923	22.727	NC_052532.1 Gallus gallus isolate bGalGal1 chromosome 1, bGalGal1.mat.broiler.GRCg7b, whole genome shotgun sequence	CGTPAAPTARVKRVFFYRVFIKITESSSWILLDIHVSYLQEPQANVFHILPTPSSLVQPSSRAACRDFW---IRPAKHKMKHSCLGGV	114	198
birds_CM051185.1:112125132-112126085-1	NC_052532.1	9.6	167764361	167764224	27.778	NC_052532.1 Gallus gallus isolate bGalGal1 chromosome 1, bGalGal1.mat.broiler.GRCg7b, whole genome shotgun sequence	LIGCTFPASLD--------SAININILHAKEVINFLNQNLLFKCFPPLWITAAL	60	113
birds_CM051185.1:112125132-112126085-1	NC_052535.1	3.2	44423990	44424256	26.667	NC_052535.1 Gallus gallus isolate bGalGal1 chromosome 4, bGalGal1.mat.broiler.GRCg7b, whole genome shotgun sequence	LSLLCFSWIHRLLRREGEEVRNENSSDQLELDLPWLDSYS---------------LSNRNNAGVFALQVNTSRTKPW-LCGSVLADLLALNLTAVHVLISVALDL	66	167
birds_CM051185.1:112125132-112126085-1	NC_052551.1	6.2	11043222	11043449	31.169	NC_052551.1 Gallus gallus isolate bGalGal1 chromosome 20, bGalGal1.mat.broiler.GRCg7b, whole genome shotgun sequence	SVCLCPYLCMGFCQKKHSAFEALFIAQDVSMETPIVGCKRL-LAISIFRWVEGFKLQIASISYCHQPQLIRKKISKT	110	186
birds_CM051185.1:112116862-112117815-1	NC_052534.1	5.57e-66	109652868	109651954	47.419	NC_052534.1 Gallus gallus isolate bGalGal1 chromosome 3, bGalGal1.mat.broiler.GRCg7b, whole genome shotgun sequence	EQHNTTSSSSAFVVIFAFQALAGMGINAFIVAASCMAWFKKKGMNSNEKILLFLGCFRFWYLCATWIYLIISVLFPQNLLDTGISLTFAIFMCFLSSSNLWTSTCLYAFYLMKIANFRHHFFIYLKARIDRIVPWLLLSSVVLSLLNCSPFLKVIDE----ENRTSPNFTTQGIFWKTNEEIRKHFNSIISICTCGFSMAFILVTLFAFFLLFSLCRHKHKMQTSSTRSLSMDAHIKAMKSLLSFFFTFSIHYI-LLITTVYYSSKENFLVLLLLVLQYSFPVIHSLILIFSNPRLERIALRILPCAKCK	8	313
birds_CM051185.1:112116862-112117815-1	NC_052532.1	2.40e-26	77764140	77763253	29.866	NC_052532.1 Gallus gallus isolate bGalGal1 chromosome 1, bGalGal1.mat.broiler.GRCg7b, whole genome shotgun sequence	IAIFESVVGLLGNGTIVAVSSTSCIRSKILSSYDVIVIFLSLSRF-FLQLWMILDFLLIFFCQPSYYEENLFVTFKTVFIFLNSYSFWFAAWLSVFYCVKVASFTQSFLSWLKQRIASLIPWMLITSSLFSFATSLPFFWD-SYNAHSNFTTPLTMTNSSKRITTRKTNLIFLILLCNVGIALPSIMLVFSSILLIRSLWRHTRQMQNNATGFRDPSLEALIGAIKTVFSFLLLYITNFIALILILSDTFVPLSTEEAICVVVVAACPAGQSMVLIWSNPRFRELLSSILHYINSCVR	22	311
birds_CM051185.1:112116862-112117815-1	NC_052532.1	5.45e-23	190981058	190981915	28.000	NC_052532.1 Gallus gallus isolate bGalGal1 chromosome 1, bGalGal1.mat.broiler.GRCg7b, whole genome shotgun sequence	SMCIVAIEVVVGFMGNGFITAVNSINWIKSKRISAADMILIFLSTSRF-ILQVTVMMYIHSLYFTDVFKLASVYKTFGAIWMFVNHASLWFSTWLYVLYCVKIINVTQWLLLQIKHRITAMIPWLLLGSLLISSVTSFPLLWITPNTYLCRSTGNCGDN-------------STAHISGWDSSHLYLLLLYFTGCFFPLVLSMITSGLLINSLWKHTKKMQCYVDSFRDPLIDVHLIAIKSIISFLILYISSFVAQILLTLSTSQSKDFVKVAVSLVVTGAYPSIHSIILIIVNSKLKLA	19	302
birds_CM051185.1:112116862-112117815-1	NC_052532.1	8.9	68931654	68931547	41.667	NC_052532.1 Gallus gallus isolate bGalGal1 chromosome 1, bGalGal1.mat.broiler.GRCg7b, whole genome shotgun sequence	LCGFYSLKIHQVRSISDIYLKTTLEQQLSFLLLTPD	113	148
birds_CM051185.1:112112251-112113204-1	NC_052534.1	3.70e-64	109652880	109651957	43.408	NC_052534.1 Gallus gallus isolate bGalGal1 chromosome 3, bGalGal1.mat.broiler.GRCg7b, whole genome shotgun sequence	CRMAEQHNTTSSSSAFVVIFAFQALAGMGINAFIVAASCMAWFKKKGMNSNEKILLFLGCFRFWYLCATWIYLIISVLFPQNLLDTGISLTFAIFMCFLSSSNLWTSTCLYAFYLMKIANFRHHFFIYLKARIDRIVPWLLLSSVVLSLLNCSPFLKVIDEENRTSPNFTTQGIFWKTNEEIRKHFNSIISICTCGFSMAFILVTLFAFFLLFSLC--RHKHKMQTSSTRSLSMDAHIKAMKSLLSFFFTFSIHYI-LLITTVYYSSKENFLVLLLLVLQYSFPVIHSLILIFSNPRLERIALRILPCAKC	4	312
birds_CM051185.1:112112251-112113204-1	NC_052534.1	1.1	98625049	98625165	51.282	NC_052534.1 Gallus gallus isolate bGalGal1 chromosome 3, bGalGal1.mat.broiler.GRCg7b, whole genome shotgun sequence	IYRDIFHLSIIVQLTAECNNVFNY*LSKLWISVQCRCIF	81	116
birds_CM051185.1:112112251-112113204-1	NC_052532.1	2.49e-22	77764200	77763253	28.660	NC_052532.1 Gallus gallus isolate bGalGal1 chromosome 1, bGalGal1.mat.broiler.GRCg7b, whole genome shotgun sequence	EICEFLRTAMSSLFSSFCLVIAIFESVVGLLGNGTIVAVSSTSCIRSKILSSYDVIVIFLSLSRF-FLQLWMILDFLLIFFCQPSYYEENLFVTFKTVFIFLNSYSFWFAAWLSVFYCVKVASFTQSFLSWLKQRIASLIPWMLITSSLFSFATSLPFFWDSYNAHSNFTTPLTMTNSSKRITTRKTNLIFLILLCNVGIALPSIMLVFSSILLIRSLWRHTRQMQNNATGFRDPSLEALIGAIKTVFSFLLLYITNFIALILILSDTFVPLSTEEAICVVVVA----ACPAGQSMVLIWSNPRFRELLSSILHYINSCVR	2	311
birds_CM051185.1:112112251-112113204-1	NC_052532.1	4.07e-17	190981067	190981915	27.397	NC_052532.1 Gallus gallus isolate bGalGal1 chromosome 1, bGalGal1.mat.broiler.GRCg7b, whole genome shotgun sequence	IVAIEVVVGFMGNGFITAVNSINWIKSKRISAADMILIFLSTSR--FILQVTVMMYIHSLYFTDVFKLASVYKTFGAIWMFVNHASLWFSTWLYVLYCVKIINVTQWLLLQIKHRITAMIPWLLLGSLLISSVTSFPLLWITPNTYLCRSTGNCGDNSTAHISGWDSSHLYLLLLYFTGCFFP-------LVLSMITSGLLINSLWKHTKKMQCYVDSFRDPLIDVHLIAIKSIISFLILYISSFVAQILLTLSTSQSKDFVKVAVSLVVTGAYPSIHSIILIIVNSKLKLA	22	302
birds_CM051185.1:112112251-112113204-1	NC_052532.1	5.8	68931654	68931544	40.541	NC_052532.1 Gallus gallus isolate bGalGal1 chromosome 1, bGalGal1.mat.broiler.GRCg7b, whole genome shotgun sequence	LCGFYSLKIHQVRSISDIYLKTTLEQQLSFLLLTPDL	113	149
birds_CM051185.1:73551655-73552608--1	NC_052534.1	1.37e-67	109652880	109651960	47.896	NC_052534.1 Gallus gallus isolate bGalGal1 chromosome 3, bGalGal1.mat.broiler.GRCg7b, whole genome shotgun sequence	CRMAEQHNTTSSSSAFVVIFAFQALAGMGINAFIVAASCMAWFKKKGMNSNEKILLFLGCFRFWYLCATWIYLIISVLFPQNLLDTGISLTFAIFMCFLSSSNLWTSTCLYAFYLMKIANFRHHFFIYLKARIDRIVPWLLLSSVVLSLLNCSPFLKVIDEE-NRTSPNFTTQGIFWKTNEEIRKHFNSIISICTCGFSMAFILVTLFAFFLLFSLCRHKHKMQTSSTRSLSMDAHIKAMKSLLSFFFTFSIHYILLITTVYYSS-KENFLVLLLLVLQYSFPVIHSLILIFSNPRLERIALRILPCAK	4	311
birds_CM051185.1:73551655-73552608--1	NC_052532.1	2.37e-27	77764200	77763253	29.907	NC_052532.1 Gallus gallus isolate bGalGal1 chromosome 1, bGalGal1.mat.broiler.GRCg7b, whole genome shotgun sequence	EICEFLRTAMSSLFSSFCLVIAIFESVVGLLGNGTIVAVSSTSCIRSKILSSYDVIVIFLSLSR--FFLQLWMILDFLLIFFCQPSYYEENLFVTFKTVFIFLNSYSFWFAAWLSVFYCVKVASFTQSFLSWLKQRIASLIPWMLITSSLFSFATS-LPFFWDSYNAHSNFTTPLTMTNSSKRITTRKTNLIFLILLCNVGIALPSIMLV--FSSILLIRSLWRHTRQMQNNATGFRDPSLEALIGAIKTVFSFLLLYITNFIALILILSDTFVPLSTEEAICVVVVAACPAGQSMVLIWSNPRFRELLSSILHYINSCVR	2	311
birds_CM051185.1:73551655-73552608--1	NC_052532.1	4.03e-24	190981055	190981915	30.435	NC_052532.1 Gallus gallus isolate bGalGal1 chromosome 1, bGalGal1.mat.broiler.GRCg7b, whole genome shotgun sequence	VSMCIVAIEVVVGFMGNGFITAVNSINWIKSKRISAADMILIFLSTSRFILQVTVMMY-IHSLYFTDVFKLASVYKTFGAIWMFVNHASLWFSTWLYVLYCVKIINVTQWLLLQIKHRITAMIPWLLLGSLLISSVTSFPLLWITPNTYLCRSTGNCGD-NSTAHISGWD----------SSHLYLLLLYFTGCFFPLVLSMITSGLLINSLWKHTKKMQCYVDSFRDPLIDVHLIAIKSIISFLILYISSFVAQILLTLSTSQSKDFVKVAVSLVVTGAYPSIHSIILIIVNSKLKLA	18	302
birds_CM051185.1:73551655-73552608--1	NC_052532.1	5.0	68931654	68931544	40.541	NC_052532.1 Gallus gallus isolate bGalGal1 chromosome 1, bGalGal1.mat.broiler.GRCg7b, whole genome shotgun sequence	LCGFYSLKIHQVRSISDIYLKTTLEQQLSFLLLTPDL	113	149
birds_CM051185.1:73551655-73552608--1	NC_052532.1	9.0	109538448	109538699	30.952	NC_052532.1 Gallus gallus isolate bGalGal1 chromosome 1, bGalGal1.mat.broiler.GRCg7b, whole genome shotgun sequence	CLHGFFCLSCCFLSNSYKINTKKTI*KQRPVVFVMSTILVLA*DISCYVLFPFNSHP*VSFNMLSQTGVPHFSL*NNFEITLKK	112	185
birds_CM051185.1:73551655-73552608--1	NC_052540.1	3.1	20608772	20608957	34.848	NC_052540.1 Gallus gallus isolate bGalGal1 chromosome 9, bGalGal1.mat.broiler.GRCg7b, whole genome shotgun sequence	FQAVAWHYTSLLLYTYMKFSALLTCVYSVFFFS----NFKESFLLLLLCSRNSILEDSW*YHVLGR	15	80
birds_CM051185.1:73551655-73552608--1	NC_052535.1	8.7	59359833	59359994	33.333	NC_052535.1 Gallus gallus isolate bGalGal1 chromosome 4, bGalGal1.mat.broiler.GRCg7b, whole genome shotgun sequence	FNTKKKNILNASAFVPDRYLQSLPNPEQSKSHQTKACYSSPKLNQTLRKFSSCL	265	310
birds_CM051185.1:112135456-112136409-1	NC_052534.1	1.93e-66	109652880	109651954	45.806	NC_052534.1 Gallus gallus isolate bGalGal1 chromosome 3, bGalGal1.mat.broiler.GRCg7b, whole genome shotgun sequence	CRMAEQHNTTSSSSAFVVIFAFQALAGMGINAFIVAASCMAWFKKKGMNSNEKILLFLGCFRFWYLCATWIYLIISVLFPQNLLDTGISLTFAIFMCFLSSSNLWTSTCLYAFYLMKIANFRHHFFIYLKARIDRIVPWLLLSSVVLSLLNCSPFLKVIDEENRTSPNFTTQGIFWKTNEEIRKHFNSIISICTCGFSMAFILVTLFAFFLLFSLCRHKHKMQTSSTRSLSMDAHIKAMKSLLSFFFTFSIHYILLITTVYYSSKENFLVLLLLVLQY-SFPVIHSLILIFSNPRLERIALRILPCAKCK	4	313
birds_CM051185.1:112135456-112136409-1	NC_052532.1	1.40e-21	77764146	77763247	28.477	NC_052532.1 Gallus gallus isolate bGalGal1 chromosome 1, bGalGal1.mat.broiler.GRCg7b, whole genome shotgun sequence	LVIAIFESVVGLLGNGTIVAVSSTSCIRSKILSSYDVIVIFLSLSRF-FLQLWMILDFLLIFFCQPSYYEENLFVTFKTVFIFLNSYS-FWFAAWLSVFYCVKVASFTQSFLSWLKQRIASLIPWMLITSSLFSFATSLPFFWDSYNAHSNFTTPLTMTNSSKRITTRKTNLIFLILLCNVGIALPSIMLVFSSILLIRSLWRHTRQMQNNATGFRDPSLEALIGAIKTVFSFLLLYITNFIALILILSDTFVPLSTEEAICVVVVAACPAGQSMVLIWSNPRFRELLSSILHYINSCVRAR	20	313
birds_CM051185.1:112135456-112136409-1	NC_052532.1	4.05e-19	190981067	190981915	26.897	NC_052532.1 Gallus gallus isolate bGalGal1 chromosome 1, bGalGal1.mat.broiler.GRCg7b, whole genome shotgun sequence	IVAIEVVVGFMGNGFITAVNSINWIKSKRISAADMILIFLSTSR-------FILQVTVMMYIHSLYFTDVFKLASVYKTFGAIWMFVNHASLWFSTWLYVLYCVKIINVTQWLLLQIKHRITAMIPWLLLGSLLISSVTSFPLLWITPNTYLCRSTGNCGDNSTAHISGWDSSHLYLLLLYFTGCFFPLVLSMITSGLLINSLWKHTKKMQCYVDSFRDPLIDVHLIAIKSIISFLILYISSFVAQILLTLSTSQSKDFVKVAVSLVVTGAYPSIHSIILIIVNSKLKLA	22	302
birds_CM051185.1:112135456-112136409-1	NC_052532.1	7.0	100426454	100426164	25.510	NC_052532.1 Gallus gallus isolate bGalGal1 chromosome 1, bGalGal1.mat.broiler.GRCg7b, whole genome shotgun sequence	YVNFYV-KILCNFYRIFSELYVGHYESNFFISTKSTTDAKSTIMLFDRANSPL*NTIFQHSHNH*LIHVNELIKTGRKTH*EKPCREDFWGSKMDMDK	104	187
birds_CM051185.1:73557753-73558706--1	NC_052534.1	8.93e-66	109652880	109651960	46.104	NC_052534.1 Gallus gallus isolate bGalGal1 chromosome 3, bGalGal1.mat.broiler.GRCg7b, whole genome shotgun sequence	CRMAEQHNTTSSSSAFVVIFAFQALAGMGINAFIVAASCMAWFKKKGMNSNEKILLFLGCFRFWYLCATWIYLIISVLFPQNLLDTGISLTFAIFMCFLSSSNLWTSTCLYAFYLMKIANFRHHFFIYLKARIDRIVPWLLLSSVVLSLLNCSPFLKVIDEENRTSPNFTTQGIFWKTNEEIRKHFNSIISICTCGFSMAFILVTLFAFFLLFSLCRHKHKMQTSSTRSLSMDAHIKAMKSLLSFFFTFSIHYILLITTVYYSS-KENFLVLLLLVLQYSFPVIHSLILIFSNPRLERIALRILPCAK	4	311
birds_CM051185.1:73557753-73558706--1	NC_052532.1	4.98e-28	77764200	77763253	30.000	NC_052532.1 Gallus gallus isolate bGalGal1 chromosome 1, bGalGal1.mat.broiler.GRCg7b, whole genome shotgun sequence	EICEFLRTAMSSLFSSFCLVIAIFESVVGLLGNGTIVAVSSTSCIRSKILSSYDVIVIFLSLSR--FFLQLWMILDFLLIFFCQPSYYEENLFVTFKTVFIFLNSYSFWFAAWLSVFYCVKVASFTQSFLSWLKQRIASLIPWMLITSSLFSFATSLPFFWDSYNAHSNFTTPLTMTNSSKRITTRKTNLIF-LILLCNVGIALPSIMLVFSSILLIRSLWRHTRQMQNNATGFRDPSLEALIGAIKTVFSFLLLYITNFIALIL-ILSDTFVPLSTEEAICVVVVAACPAGQSMVLIWSNPRFRELLSSILHYINSCVR	2	311
birds_CM051185.1:73557753-73558706--1	NC_052532.1	3.71e-23	190981055	190981915	29.153	NC_052532.1 Gallus gallus isolate bGalGal1 chromosome 1, bGalGal1.mat.broiler.GRCg7b, whole genome shotgun sequence	VSMCIVAIEVVVGFMGNGFITAVNSINWIKSKRISAADMILIFLSTSRFILQVTVMMY-IHSLYFTDVFKLASVYKTFGAIWMFVNHASLWFSTWLYVLYCVKIINVTQWLLLQIKHRITAMIPWLLLGSLLISSVTSFPLLWITPNTYLCRSTGNCGDNS-TAHISGWD----SSHLYLLLLYFTGCFFPLVLSMIT--SGLLINSLWKHTKKMQCYVDSFRDPLIDVHLIAIKSIISFLILYISSFVAQILLTLSTSQSKDFVKVAVSLVVTGAYPSIHSIILIIVNSKLKLA	18	302
birds_CM051185.1:73557753-73558706--1	NC_052532.1	8.0	68931654	68931556	45.455	NC_052532.1 Gallus gallus isolate bGalGal1 chromosome 1, bGalGal1.mat.broiler.GRCg7b, whole genome shotgun sequence	LCGFYSLKIHQVRSISDIYLKTTLEQQLSFLLL	113	145
birds_CM051185.1:73557753-73558706--1	NC_052540.1	3.2	20608772	20608957	34.848	NC_052540.1 Gallus gallus isolate bGalGal1 chromosome 9, bGalGal1.mat.broiler.GRCg7b, whole genome shotgun sequence	FQAVAWHYTSLLLYTYMKFSALLTCVYSVFFFS----NFKESFLLLLLCSRNSILEDSW*YHVLGR	15	80
birds_CM051185.1:73557753-73558706--1	NC_052535.1	6.3	16939519	16939776	25.263	NC_052535.1 Gallus gallus isolate bGalGal1 chromosome 4, bGalGal1.mat.broiler.GRCg7b, whole genome shotgun sequence	PNATFRRSPMEVLLHHRTTFDVLSEWL*---CGYEYVQGENKLNPFVISIRITL*------LQGNGSLALSALWRQWLLTQRLSVTSVTFSATES	83	177
birds_CM051185.1:73557753-73558706--1	NC_052535.1	6.5	59359833	59359994	33.333	NC_052535.1 Gallus gallus isolate bGalGal1 chromosome 4, bGalGal1.mat.broiler.GRCg7b, whole genome shotgun sequence	FNTKKKNILNASAFVPDRYLQSLPNPEQSKSHQTKACYSSPKLNQTLRKFSSCL	265	310
birds_CM051185.1:112106238-112107191-1	NC_052534.1	2.62e-69	109652880	109651954	47.419	NC_052534.1 Gallus gallus isolate bGalGal1 chromosome 3, bGalGal1.mat.broiler.GRCg7b, whole genome shotgun sequence	CRMAEQHNTTSSSSAFVVIFAFQALAGMGINAFIVAASCMAWFKKKGMNSNEKILLFLGCFRFWYLCATWIYLIISVLFPQNLLDTGISLTFAIFMCFLSSSNLWTSTCLYAFYLMKIANFRHHFFIYLKARIDRIVPWLLLSSVVLSLLNCSPFLKVIDEENRTSPNFTTQGIFWKTNEEIRKHFNSIISICTCGFSMAFILVTLFAFFLLFSLCRHKHKMQTSSTRSLSMDAHIKAMKSLLSFFFTFSIHYI-LLITTVYYSSKENFLVLLLLVLQYSFPVIHSLILIFSNPRLERIALRILPCAKCK	4	313
birds_CM051185.1:112106238-112107191-1	NC_052532.1	6.02e-21	77764146	77763247	28.852	NC_052532.1 Gallus gallus isolate bGalGal1 chromosome 1, bGalGal1.mat.broiler.GRCg7b, whole genome shotgun sequence	LVIAIFESVVGLLGNGTIVAVSSTSCIRSKILSSYDVIVIFLSLSRF-FLQLWMILDFLLIFFCQPSYYEENLFVTFKTVFIFLNSYS-FWFAAWLSVFYCVKVASFTQSFLSWLKQRIASLIPWMLITSSLFSFATSLPFFWDSYNAHSNFTTPLTMTNSSKRITTRKTNLIFLILLCNVGIALPSIMLVFSSILLIRSLWRHTRQMQNNATGFRDPSLEALIGAIKTVFSFLLLYITNFIALILILSDTFVPLSTEEAICVVV---VAACPAGQSMVLIWSNPRFRELLSSILHYINSCVRAR	20	313
birds_CM051185.1:112106238-112107191-1	NC_052532.1	1.74e-19	190981058	190981915	26.962	NC_052532.1 Gallus gallus isolate bGalGal1 chromosome 1, bGalGal1.mat.broiler.GRCg7b, whole genome shotgun sequence	SMCIVAIEVVVGFMGNGFITAVNSINWIKSKRISAADMILIFLSTSR-------FILQVTVMMYIHSLYFTDVFKLASVYKTFGAIWMFVNHASLWFSTWLYVLYCVKIINVTQWLLLQIKHRITAMIPWLLLGSLLISSVTSFPLLWITPNTYLCRSTGNCGDNSTAHISGWDSSHLYLLLLYFTGCFFPLVLSMITSGLLINSLWKHTKKMQCYVDSFRDPLIDVHLIAIKSIISFLILYISSFVAQILLTLSTSQSKDFVKVAVSLVVTGAYPSIHSIILIIVNSKLKLA	19	302
birds_CM051185.1:112106238-112107191-1	NC_052532.1	7.6	100426454	100426164	25.510	NC_052532.1 Gallus gallus isolate bGalGal1 chromosome 1, bGalGal1.mat.broiler.GRCg7b, whole genome shotgun sequence	YVNFYV-KILCNFYRIFSELYVGHYESNFFISTKSTTDAKSTIMLFDRANSPL*NTIFQHSHNH*LIHVNELIKTGRKTH*EKPCREDFWGSKMDMDK	104	187
birds_CM051185.1:112146025-112146978-1	NC_052534.1	1.95e-63	109652871	109651942	46.945	NC_052534.1 Gallus gallus isolate bGalGal1 chromosome 3, bGalGal1.mat.broiler.GRCg7b, whole genome shotgun sequence	AEQHNTTSSSSAFVVIFAFQALAGMGINAFIVAASCMAWFKKKGMNSNEKILLFLGCFRFWYLCATWIYLIISVLFPQNLLDTGISLTFAIFMCFLSSSNLWTSTCLYAFYLMKIANFRHHFFIYLKARIDRIVPWLLLSSVVLSLLNCSPFLKVIDEENRTSPNFTTQGIFWKTNEEIRKHFNSIISICTCGFSMAFILVTLFAFFLLFSLCRHKHKMQTSSTRSLSMDAHIKAMKSLLSFFFTFSIHYILLITTVYYS-SKENFLVLLLLVLQYSFPVIHSLILIFSNPRLERIALRILPCAKCKECAR	7	317
birds_CM051185.1:112146025-112146978-1	NC_052532.1	1.83e-24	77764200	77763247	28.923	NC_052532.1 Gallus gallus isolate bGalGal1 chromosome 1, bGalGal1.mat.broiler.GRCg7b, whole genome shotgun sequence	EICEFLRTAMSSLFSSFCLVIAIFESVVGLLGNGTIVAVSSTSCIRSKILSSYDVIVIFLSLSRFFLQLWMILDFLLIFFCQ--PSYY-EENLFVTFKTVFIFLNSYSFWFAAWLSVFYCVKVASFTQSFLSWLKQRIASLIPWMLITSSLFSFATSLPFFWDSYNA----HSNFTTPLTMTNSSKRITTRKTNLIFLILLCNVGIALPSIMLVFSSILLIRSLWRHTRQMQNNATGFRDPSLEALIGAIKTVFSFLLLYITNFIALILILSDTFVPLSTEEAICVVVVAACPAGQSMVLIWSNPRFRELLSSILHYINSCVRAR	2	313
birds_CM051185.1:112146025-112146978-1	NC_052532.1	1.31e-19	190981070	190981909	29.758	NC_052532.1 Gallus gallus isolate bGalGal1 chromosome 1, bGalGal1.mat.broiler.GRCg7b, whole genome shotgun sequence	VAIEVVVGFMG---NGFITAVNSINWIKSKRISAADMILIFLSTSRFILQVTVMMYIHSLYFTDVFK----LASVYKTFGAIWMFVNHASLWFSTWLYVLYCVKIINVTQWLLLQIKHRITAMIPWLLLGSLLISSVTSFPLLWITPNTYLCRSTGNCGDNSTAHISGWDSSHLYLLLLYFTGCFF--PLVLSMITSGLLINSLWKHTKKMQCYVDSFRDPLIDVHLIAIKSIISFLILYISSFVAQILLTLSTSQSKDFVKVAVSLVVTGAYPSIHSIILIIVNSKLK	20	300
birds_CM051185.1:112146025-112146978-1	NC_052532.1	6.4	14703679	14703819	38.298	NC_052532.1 Gallus gallus isolate bGalGal1 chromosome 1, bGalGal1.mat.broiler.GRCg7b, whole genome shotgun sequence	EFRVPFFSFRKR*ISSMRPWCLLSCSQWKLATQLWVASTTRQCKCGN	123	169
birds_CM051185.1:112146025-112146978-1	NC_052533.1	9.4	6433166	6433303	39.130	NC_052533.1 Gallus gallus isolate bGalGal1 chromosome 2, bGalGal1.mat.broiler.GRCg7b, whole genome shotgun sequence	VLKDIYLAITVDKAVQEI*NSWE*NRNFTSEQKLSKTGRGRQAELF	152	190
birds_CM051185.1:112153377-112154336-1	NC_052534.1	7.42e-65	109652880	109651960	47.727	NC_052534.1 Gallus gallus isolate bGalGal1 chromosome 3, bGalGal1.mat.broiler.GRCg7b, whole genome shotgun sequence	CRMAEQHNTTSSSSAFVVIFAFQALAGMGINAFIVAASCMAWFKKKGMNSNEKILLFLGCFRFWYLCATWIYLIISVLFPQNLLDTGISLTFAIFMCFLSSSNLWTSTCLYAFYLMKIANFRHHFFIYLKARIDRIVPWLLLSSVVLSLLNCSPFLKVIDEENRTSPNFTTQGIFWKTNEEIRKHFNSIISICTCGFSMAFILVTLFAFFLLFSLCRHKHKMQTSSTRSLSMDAHIKAMKSLLSFFFTFSIHYI-LLITTVYYSSKENFLVLLLLVLQYSFPVIHSLILIFSNPRLERIALRILPCAK	4	310
birds_CM051185.1:112153377-112154336-1	NC_052532.1	7.99e-30	77764140	77763244	30.233	NC_052532.1 Gallus gallus isolate bGalGal1 chromosome 1, bGalGal1.mat.broiler.GRCg7b, whole genome shotgun sequence	IAIFESVVGLLGNGTIVAVSSTSCIRSKILSSYDVIVIFLSLSRF-FLQLWMILDFLLIFFCQPSYYEENLFVTFKTVF-IFLNSYSFWFAAWLSVFYCVKVASFTQSFLSWLKQRIASLIPWMLITSSLFSFATSLPFFWDSYNAHSNFTTPLTMTNSSKRITTRKTNLIFLILLCNVGIALPSIMLVFSSILLIRSLWRHTRQMQNNATGFRDPSLEALIGAIKTVFSFLLLYITNFIALILILSDTFVPLSTEEAICVVVVAACPAGQSMVLIWSNPRFRELLSSILHYINSCVRARC	22	317
birds_CM051185.1:112153377-112154336-1	NC_052532.1	6.64e-21	190981052	190981915	28.146	NC_052532.1 Gallus gallus isolate bGalGal1 chromosome 1, bGalGal1.mat.broiler.GRCg7b, whole genome shotgun sequence	IVSMCIVAIEVVVGFMGNGFITAVNSINWIKSKRISAADMILIFLSTSRF-------ILQVTVMMYIHSLYFTDVFKLASVYKTFGAIWMFVNHASLWFSTWLYVLYCVKIINVTQWLLLQIKHRITAMIPWLLLGSLLISSVTSFPLLWITPNTYLCRSTGNCGDNSTAHISGWDSSHLYLLLLYFTGCF---FPLVLSMI----TSGLLINSLWKHTKKMQCYVDSFRDPLIDVHLIAIKSIISFLILYISSFVAQILLTLSTSQSKDFVKVAVSLVVTGAYPSIHSIILIIVNSKLKLA	17	301
birds_CM051185.1:112153377-112154336-1	NC_052572.1	4.0	49455300	49455169	38.636	NC_052572.1 Gallus gallus isolate bGalGal1 chromosome Z, bGalGal1.mat.broiler.GRCg7b, whole genome shotgun sequence	QGLTAMQLLPAAFRMLHLSLHSDSVVYSNPTMTSALLALSLPIE	267	309
birds_CM051185.1:112153377-112154336-1	NC_052572.1	4.0	49455361	49455314	50.000	NC_052572.1 Gallus gallus isolate bGalGal1 chromosome Z, bGalGal1.mat.broiler.GRCg7b, whole genome shotgun sequence	FFCAVLSFLYTSRKLN	255	270
birds_CM051185.1:112150344-112151297-1	NC_052534.1	3.84e-67	109652880	109651942	47.452	NC_052534.1 Gallus gallus isolate bGalGal1 chromosome 3, bGalGal1.mat.broiler.GRCg7b, whole genome shotgun sequence	CRMAEQHNTTSSSSAFVVIFAFQALAGMGINAFIVAASCMAWFKKKGMNSNEKILLFLGCFRFWYLCATWIYLIISVLFPQNLLDTGISLTFAIFMCFLSSSNLWTSTCLYAFYLMKIANFRHHFFIYLKARIDRIVPWLLLSSVVLSLLNCSPFLKVIDEENRTSPNFTTQGIFWKTNEEIRKHFNSIISICTCGFSMAFILVTLFAFFLLFSLCRHKHKMQTSSTRSLSMDAHIKAMKSLLSFFFTFSIHYILLITTVYYSSKEN-FLVLLLLVLQYSFPVIHSLILIFSNPRLERIALRILPCAKCKECAR	4	317
birds_CM051185.1:112150344-112151297-1	NC_052532.1	1.32e-19	77764200	77763247	26.911	NC_052532.1 Gallus gallus isolate bGalGal1 chromosome 1, bGalGal1.mat.broiler.GRCg7b, whole genome shotgun sequence	EICEFLRTAMSSLFSSFCLVIAIFESVVGLLGNGTIVAVSSTSCIRSKILSSYDVIVIFLSLSRFFLQLWMILDFLLIFFCQPSYYEENLFV--TFKTVFIFL---NSYSFWFAAWLSVFYCVKVASFTQSFLSWLKQRIASLIPWMLITSSLFSFATSLPFFWDSYNAHSNFTTPLTMTNSSKRITTRKTNLIFLILLCNVGIALPSIMLVFSSILLIRSLWRHTRQMQNNATGFRDPSLEALIGAIKTVFSFLLLYITNFIALILILSDTFVPLSTEEA----ICVVVVAACPAGQSMVLIWSNPRFRELLSSILHYINSCVRAR	2	313
birds_CM051185.1:112150344-112151297-1	NC_052532.1	7.52e-18	190981055	190981909	27.986	NC_052532.1 Gallus gallus isolate bGalGal1 chromosome 1, bGalGal1.mat.broiler.GRCg7b, whole genome shotgun sequence	VSMCIVAIEVVVGFMGNGFITAVNSINWIKSKRISAADMILIFLSTSRF-------ILQVTVMMYIHSLYFTDVFKLASVYKTFGAIWMFVNHASLWFSTWLYVLYCVKIINVTQWLLLQIKHRITAMIPWLLLGSLLISSVTSFPLLWITPNTYLCRSTGNCGDNSTAHISGWDSSHLYLLLLYFTGCFFPLVLSMITSG-LLINSLWKHTKKMQCYVDSFRDPLIDVHLIAIKSIISFLILYISSFVAQILLTLSTSQSKDFVKVAVSLVVTGAYPSIHSIILIIVNSKLK	18	300
birds_CM051185.1:112150344-112151297-1	NC_052532.1	9.5	50573297	50573112	35.938	NC_052532.1 Gallus gallus isolate bGalGal1 chromosome 1, bGalGal1.mat.broiler.GRCg7b, whole genome shotgun sequence	HPALQPKSSSQGAVPVAVRHLSS-PGCWDLMFLVAKTAV-LHYRRAVNRDLKVERI*LLSECLR	5	65
