,names,chr,first,last,seqs,direction,frame,strand,attribute,query,found,last_final,length,TMRs
4627,xenopus,NC_030677.2,142784561,142785511-1,MLPVFLFASMAILGVTTMMGIFTNSIIVVVNIVDKVKGKSFNPSDLILVTLGLSNITFQFTMTANDFLIILSSDLYFSSAIYATFKVLLFSTIFASFWFTVCLCVYYCLQIVIFTHPILVRLKLALSRLVPYFLAASVFISVVISTPGIWSTNSDPPISNLTSNQSLEIEVPKLSLVYLFSSNIIGCSLPLVLVGISNCLILKSLIRKRAMLEKNKSDAHSPRTEARERAARTAGCLLLLYMTFYISEIFMFVDFFPPSSPGFCTCLMIIYGYPPTQSVILIFGSPKLKKALLNLLRLPKKCNESKKTTKILFINF*,1,0,+,"gene_id ""KH4627""; transcript_id ""KH4627.1""",xenopus_NC_030677.2:142784561-142785511-1,True,142785511,950,7
9996,xenopus,NC_030677.2,142794049,142795035-1,MCSNALVTVLPMLPIFLLVSMAILGATTILGIATNLVIVVVNLVDRVKGKSLNPSDLILVTLGLSNMTFQFSMTANDFLSILWSDLYFSDAVYTTFITLLLFPIFSSFWFTVCLCVYYCLQIVIFTHPFLVQLKLKISQLVPFLLATSVFISVVISIPGIWSTYRDPPISNISNNQSLEMELPKLSFTYLFYSNIIGCSLPLVFVGISNCLILKSLISKSTMFEKNKSDVYSPRTEARERAARTVGCLLLLYMAFYISEIFMFVDFFPPGSPGFCTCLMVIYSYPPTQSVILIFGSPKLKKALLNLLHFSKICGMEQMETPKILSVSF*,1,0,+,"gene_id ""KH9996""; transcript_id ""KH9996.1""",xenopus_NC_030677.2:142794049-142795035-1,True,142795035,986,7
3764,xenopus,NC_030677.2,142803207,142804166-1,MLPVFVLASVVILGATTIMGIVTNSLIVVVNVADKIKGKSFNPSDLILVTLGMSNITFQFTMTVNDFSIILWSDLYFSDAVYGTFKALLYSTIFASFWFTVCLSVYYCLQIVIFTHPFLVRLKLGMSRLVPFFLGASVFTSLVISIPALWSIYKDPQNGNFSSNQSLKIELPKLSAVYLFSSNIIGCSLPLMLVGISNSLILKSLISKSTMLEKNKSDVYSPRTEARERAARTVGCLLLLYMAFYIFQILMFINFFPPSSPGFCTCLMAIYVYSPLQSIILIFGSPKLKKTLLNLLGFLKKCGNEQKETPKILFIKLRV*,1,0,+,"gene_id ""KH3764""; transcript_id ""KH3764.1""",xenopus_NC_030677.2:142803207-142804166-1,True,142804166,959,7
1619,xenopus,NC_030681.2,159983992,159984951-1,MADGEWVAIGWALLVLLGTSFLAGAAINIFIVAVNLADWLKRRQLSDLDKVLTCIGVSRLGLQITTTMTVYGVIFFQMDLLYEARTVSEALRSLELFFNYSSTWVTTLLSFFYLVKIANFHHPAFVLLKERISQLLTALVISCLVFALVNTLLLTLWPPHINGLLGNSTHDLHENVTASQSDRRVFVYLFVAGKLLPFAISAVSLTLLLVSLSLHIRQMRDSSHSSPNLDKYYTAIKSMIFCFLIYSMHIGIGFAGLPYSFSMNIIWIQIMKNLFPTLHSLFLIVGTVKLRRQFWRITQRAANCFSRGSSMELTETIPP*,1,0,+,"gene_id ""KH1619""; transcript_id ""KH1619.1""",xenopus_NC_030681.2:159983992-159984951-1,True,159984951,959,7
1183,xenopus,NC_030681.2,159990732,159991658--1,MLFPIFFSIFITTMLILGLAVNASITIFILKAWSRDGKLKPNDKILTALCFIRFFLQCNFITEIFGMWLELIPLSEYKPRCIFYFIQLFMDFFSRWLSAWLAMLYYVKITIFKNPFFLQLQSLIPRITGYVIFISVFISFVPGLIYSLSAKQGFCEDAKGVNVTTNTDELLAFRIIAFFFGHSFPFMLEMLSSIYLLCTLFAHIRHTESYISNFTAPNMEAHWTVIRYIFLMNLLSMCNFFGNFFLWSFISSFIGRAVGYFLAFSYPTFHSVVLILSNPKMKREVVNMFHCATKLWSFSKQEPGTVTQ*,-1,0,-,"gene_id ""KH1183""; transcript_id ""KH1183.1""",xenopus_NC_030681.2:159990732-159991658--1,True,159991658,926,7
3938,xenopus,NC_030681.2,159998140,159999093--1,MSYLIDDVLSTVFSVTAVLLGLAVNGFIPLVNIKDWVTVRKMKPSDRILTVLCSTRFLLQFTFFLELTGISFGLIPLSAYAAYCITYVVELFLDLFSHWLSMWLCCLYYVKITTSKHPLILHLKSRIPGITKYALLLFGFLSFLTGLVYYVSGDDISCLHGVSKNLTANRTFESLQERLMIAYFFGQAFPFMMEMMSSMYLLSLLVSHVKHTMSNFSSFKAPSMDAHWSLIRYILLLYFLSACNLVGNLLLWQVTSHSIGRSVGYFIIFSYPSFHSITLVLCNPKLKREMVKTFIWTRNVLCCFRGDGGFRTETVAQ*,-1,0,-,"gene_id ""KH3938""; transcript_id ""KH3938.1""",xenopus_NC_030681.2:159998140-159999093--1,True,159999093,953,7
180,xenopus,NC_030681.2,160001627,160002565--1,MSFPIPVAVCTLVPTMTGLVVNAFITLVNIRNYLREQGLKPCDKILMALCLTRFLLQWTFLLDIIGILLQLIPFSTFAIYCIFYVVEQFLDYFSRWLAMWLSILYYVNITIFKNVLVLYLKSRIPHVTSYMIFVSAFLSFGPGLIYSLTSSEVSCLRVSNQSLSKNATYETKEFLSISFVFGQCLPSVIEMVSSIYLLWTLFAHVNYTKANVSSFTAPNMDAHWSAIRCILLLYFMSACNFIGNLILYFFSNDSFGSSLSYIITFAYPTLHSVVFVLNHSKLKKELAKILYCEKSVVGFRAETVVRSSLGQA*,-1,0,-,"gene_id ""KH180""; transcript_id ""KH180.1""",xenopus_NC_030681.2:160001627-160002565--1,True,160002565,938,7
842,xenopus,NC_030681.2,160012672,160013574--1,MFSPFVTAMKILCLAEFVMGILLNAFIVVANAVSWMERKPLDSIDLILTSLGLSRLALLITWLLYVLSEDRYEHIEILNVMSSFFGFCSLWFGTVLCTFYCVKIPNYNHRFFLYVKLRISKMIPWLLLVSVTSSFISSLPIGWSMDSSMFHYNSTNGTNMETTLYLPFFIYVAGNSVPFFMFCVAITLLIRSLWNHTRQMAAGEVGFGTPQLQAHYSAIRCMMSFMVLYIIFSSSVFLALPMVLMNDTLLWLYLFIAGLYPSLHSHILILSNRKLRRALCSLLSYTSTFIPQERNISPCQ*,-1,0,-,"gene_id ""KH842""; transcript_id ""KH842.1""",xenopus_NC_030681.2:160012672-160013574--1,True,160013574,902,7
10005,xenopus,NC_030681.2,160016357,160017298--1,MDLSWSTMASPLKISLLTLTWIETVVGILLNAFIVAMPVIWWVRYNKVEMIEFLLASVGMSRVVLLILWDVIYLWFPSNSVLFAVVSMFLSFWSLWVATILCVFYSVKISSCHHPFFMFLKLNVSKMLLGLFLVSLASSLLFSLPFKWLVYSTSINNATNSTNTTNSTGQGGTILKVNNINQFFLILTGSSVPLLIFCVAVAILIRSLWSHTRNMAGGNVDFGNPQIQAHLSAVKSMVSFLILFTIYFALFVVSCLPPLLDDTVLQLVFNIISNAYPLLHSLILVMYSRKLREALYWCLHCTCRVPSMARGSA*,-1,0,-,"gene_id ""KH10005""; transcript_id ""KH10005.1""",xenopus_NC_030681.2:160016357-160017298--1,True,160017298,941,7
5385,xenopus,NC_030681.2,160025846,160026766--1,MASPLEIFLLTLIWIVTAVGILLNAFIVAMPVIWWARYNKVEMIEFLLASVGMSRVVLLILWEVVNPLVPSSSILFGVVSMFLSFWSLWVATILCVFYSVKISSCHHPFFMFLKLNVSKMLLGLFLVSLASSLLFSLPFKWLVYSTSINNATNSTNTTNSTGQGGTILEVNVINQYFLILIGSSLPLFIFCVAVAILIRSLWRHTRNMAEGNVDFGNPQIQAHLSAVKSMVSFLVLFTIYFVIVIVMSLPPLLDQNVLQLVFNIICSAYPLLHSLILVMYSRKLREALYWCLHCTCRVPSTERGSA*,-1,0,-,"gene_id ""KH5385""; transcript_id ""KH5385.1""",xenopus_NC_030681.2:160025846-160026766--1,True,160026766,920,7
10318,xenopus,NC_030681.2,160031157,160032143--1,MFWEGQSIPRRMDLVLAVEIIAVTQFFLGAAVNGVIVGTFCLEWIRNRSLHVGDTTLMCLGFTRLFLHGSLFLFYLPQSFHAIHKPEVVTSISWALFVFFHTSSLWFASFLCAIYCVTVANYSNSLFVYVKRNISRLGTWMIVAILLTALTFSLLDWYIAYGFGLSPSNSTGIIQQRNSTGADGNAATTLGVQFVIYFMAVALPFTLYCLAALLLLNSLWRHVRQMRSSGTSFRSRSVDAHVGVLMKLAVSLLLYAVYYVTDTLGLYGQLETPWLLFCFVICCFYPTAHSLVLIYSNSRLRKACVATIRGAMSWEKRETQDNQTQSAD*,-1,0,-,"gene_id ""KH10318""; transcript_id ""KH10318.1""",xenopus_NC_030681.2:160031157-160032143--1,True,160032143,986,7
6300,xenopus,NC_030681.2,160037873,160038811--1,MDFTTVDIVELVVSFIQFLFGITINGFIMGTFSMQWRRNKSLQASDTVLMFLSTTRFFWQWVLSLMILYNYITFSLDFLQLLTYISNFLELSSLWLTSTLCFTYCVKITDHPNSLFIYVKLRVSMFVKWMLLASLLASLAFTLLLRFSWDIFSTDTDPRNSTETNGTPSSELLVCYVGAVPPFLIFCLALLLFIYSFWIFIHRFKRSRTGFESPVLSDHLKVLKKIFFALFLYIMYFISSGLFLFKRQQMAHWERWLFIIYQFYPTAYLGWLILLNCRLKTVFLWGCVGYQYNQLFSFFSCDCSCTIQWDPL*,-1,0,-,"gene_id ""KH6300""; transcript_id ""KH6300.1""",xenopus_NC_030681.2:160037873-160038811--1,True,160038811,938,7
2547,xenopus,NC_030681.2,160040586,160041506--1,MDLGFQVILLVQFFLGISVNGFILGVLFTEWITGGSLNAIDMILISVGLIRFLWHWVISLTCLFPDAGLLVSAICITLSTLLNWSSFALVSVLCVTFCIKISNYNNAVFIYVKLRISDILKRLILGSLGISLAYSVISVPWDMVVPRQNNSDILLERSAFFLMGTSTDYSFALFCFAFSVSFIIRFASISALIHSLRRHMRQIQRSGEALQNPHLEAHIRVIKVMILFLALYIMYFTSLVMGSLERYRTKQLPNYYVIVLCLYPSVHSGVLIYSNRRLRKACVAMCLGSIHWAKARKPIAQTQNPV*,-1,0,-,"gene_id ""KH2547""; transcript_id ""KH2547.1""",xenopus_NC_030681.2:160040586-160041506--1,True,160041506,920,7
7180,xenopus,NC_030681.2,160048579,160049499--1,MELAVTGMLFSQLALGVAINGFIVGTYLLEWRKKRSLRMTDVVLVCLAVNRFLWQLFHTLGSVFSFVQVVVTITYQVVYSVCAFLNWSGLWLASVLSVIHCVKISNYNNWLFINLKRRICWLVQWLLLANLLTSLAFTLALVWFTFPENPANSTDVSSQTNTTVNLLQNIPSPLLVLCLGSLLPFIIFCVAVSLLINSLRIHVQQMRSRATGFQTPHLEAHIRVIKSMAFFLVLFFLYLVVTILGAGKKNVGNWLYFYLGMAFYPSLHSAVLIYSTRQLRMACLAIYYGTKTFICVHHGKVPPDLQ*,-1,0,-,"gene_id ""KH7180""; transcript_id ""KH7180.1""",xenopus_NC_030681.2:160048579-160049499--1,True,160049499,920,7
10444,xenopus,NC_030683.2,18672003,18673289--1,MHSKSQKIHNFFFLQLLVLKIQIGKKIQRLVNVPLIVAFHFLFLQLISLFNPIFHKPLHFFLSLLNFCTVKANALVHLFPKPACICMLFYLYFVTMIPERDANRFDFRTIIIKAVCVGISLIFISTEEGTMWSAMEMVIMAFDCIALIVGGLGDVVVLALCVLERSRKRVLCPYRVISLSVSISNLTAIFLQLASDNDLLSNTLLMQYVDLLSVSCLCSNLWFSTLLYVYYSIKIGARRLTFYTWLNAKFPTILPYLLFSLLTMSLLTSFIVLLQPLDNPPDNVSSALPTNYEEAYLENPFIKSGLTQSLIALICFLISFILVGQILLSLYRHVRRLQSNNEAAGNFSLEAHFKAAKTLTILLVFNVTFFVSMITTLLSPSPSMAFAISCIFIAVSLSTQPYILILGNANMMKQAKETFLHVFMKVAN*,-1,0,-,"gene_id ""KH10444""; transcript_id ""KH10444.1""",xenopus_NC_030683.2:18672003-18673289--1,True,18673289,1286,7
5749,xenopus,NC_030683.2,18683380,18684273--1,MRSAVQMVIMAFDCIALIVGGLGDVVVLALCVLERSRKRVLCPYRVISLSVSISNLTAIFLQLASDNELLPNTLLVEYVDLLSVSFLCSNLWFSTLLYVYYSIKIGARRLTFYTWLNAKFPTILPYLLFSLLTMSLLTSFIFLLQPLDNPPNNFSSVPTNYEEAYLENPFIKSGFTQSLIALICFLISFILVGQILLSLYRHVRHVQSNNEAAGNFSLEAHFKAAKTLTILLVFNVTFFVSMITTLLSPSPSMPFAVSCIFIAVSLSTQPYILILGNTNMKKQAKETFLPVFMNVAN*,-1,0,-,"gene_id ""KH5749""; transcript_id ""KH5749.1""",xenopus_NC_030683.2:18683380-18684273--1,True,18684273,893,7
647,xenopus,NC_030683.2,18691391,18692386-1,MMWESITKLVAQSIFLLFGLAGNMFILVMSFTDWRKTHSWNPYAVITISIGISNILLQTTTFLNEFFVLLLTNVSVQETMIKYFIATQISLFINSLLFSLCLCFYYCVKILQMNQPFFLKMKQEIARITPWFLSVSMLVSLGIGIPSYWDLHWTLTGATNSSASWIQVNVKLSRRYQWVFILQMLISSGALIVFFCLAVTIISSLCRHMRRMKLNSAGFNKSSLDVHVSAAKTLTLILLLHIYFFVAVCILFNSPLTWGTWFFNLSYIMVGSFPSLDSFILITGNSQLWNSLKNICLLCRICHTIPQDRHTVLHLCSGIHPPLERVTEEPV*,1,0,+,"gene_id ""KH647""; transcript_id ""KH647.1""",xenopus_NC_030683.2:18691391-18692386-1,True,18692386,995,7
9330,xenopus,NC_030683.2,18855735,18856757-1,MSESSLNMEPGYKNLTMVSMNFNQSFVDYKTVTSTIVSFEVLIGSLANGFMVTASLIDCASRRKLGSCESILICLGLSRFAFLWTLFFMYLMSVYLTSLNGKYTDAVMYIFLCFSNSSLWYATWLCMFYCVRIVNISNCIFVVFKKNFDRCLPILLLGSLAISVAFSLLLLCNSLTNVDFISSSNSQPLGVPSKSTSRFLITSFIGSAPPFLVFCIAAWLVVYSLTKHTRRMKEQERTSFKEPSLEAHYGAVKSVGHFFLFYAIYIISFNLYQAGIASPNSIEGLFCTVLTGSYPSVHSVLLLLQNNKLQQTLISFWQKISCYHHAKVKKAESTSTCNTA*,1,0,+,"gene_id ""KH9330""; transcript_id ""KH9330.1""",xenopus_NC_030683.2:18855735-18856757-1,True,18856757,1022,7
2348,xenopus,NC_030683.2,18861902,18862864-1,MTTSNQSFPVNPYQVVSLGIIMSQTLIGSLANGFMFLINLMDFASHGSLGSGDALLLCLGLSRFVFQWLLFTIYLLSFWFTDLAVLYIPKIIFSFLFFSSTSLWFATLLCSFYCVTLSKLNNCFFSIHKKDFDRWLPKYLLFSVAMSVIFSLPPVYVTFHNMGNWSISGTSSAFLFVRTNSVAFVSVSFLGSVLPFLVFCRAVIVLVVFLWKHVLKMKRQERTDYKEPSMQAYYRAAKALGSFFLFYSFYIVAFNLYISGIATLNNLIGCFCTMLIGSYPSVHSVFLILQNTKLQQALASFQQKIRCCSSPGNQTVTDPT*,1,0,+,"gene_id ""KH2348""; transcript_id ""KH2348.1""",xenopus_NC_030683.2:18861902-18862864-1,True,18862864,962,7
4387,xenopus,NC_030683.2,96759279,96760190-1,MLTVSQISWAVILIITWPCGFILNSSIVAVYLRTRKNEMKRGECDKILLAMACSNVLLLSMIAFDMTFVTYGLYIMFAKEFSLAISVILFFSIHFSFWLTACLSLFYCLRLVNFSHQVLTHLQRRMSIVVPLFLLASLLISWLINVPLIWMVQIDTNQNSTSIYQDYIFHYDRLYMIFNIVFGSTLPFVVTSLCIGLCLISLLKHVQSMRQHISQYWSPQLKSHVKAFRTMLLLLILNLIFFTTFGSLYLVQNNLGAVFQAVLWSATMFIPSGQATILIFGNSKFASTWSKALPMFGSCDRNV*,1,0,+,"gene_id ""KH4387""; transcript_id ""KH4387.1""",xenopus_NC_030683.2:96759279-96760190-1,True,96760190,911,7
5494,xenopus,NC_030684.2,121614257,121615156--1,MLNIVTIAIDICLLMVAVPWDWFIIFTMISERVRNKRLGRSEQLICVISAFNCFYYLIKVSRYLNLLLIMHSISIFSKKYKMGEFIFLLTMVSSKLWVSNWLCAYFCLKIVRVNHKFYICLQRLFPKLCPWILIISIFVSFVLSLTEVCLNDEKLLDFPYNQNVSSNTVFQNVNFIAQVYIMFCLAAILIFIILALTIIGSLCRHMNRMKNNLNGTRISNVEAHVQASKTLVILLFTNVIWFNIANLLIIDTPKGLNNVTPPLLTLNTLLSSVNLIRGNNTLKNKLSDILICLSCCSQA*,-1,0,-,"gene_id ""KH5494""; transcript_id ""KH5494.1""",xenopus_NC_030684.2:121614257-121615156--1,True,121615156,899,7
10553,xenopus,NC_030684.2,121656610,121657698-1,MSYKLNVNAHHIPCESALNYIRQKVLSKTKDCFDGETLADVTTFATSQLFFVFKQSKMLTIMDIVTLSIDLFSVVVSSPGHLFVMLVNLQDLINNVKFQLNDQLIFCISLFSFVHGIVKICSDFLLCLAMGYITVDGKRYISVLLSTISFCILWYCTWLSLYFCLKIVNFKQGFYVYLQKNFHRMFPWIHIISTMGSFLASLPVGWDVTEYSLNSTSCAANQNMFLLMSNGKSLKVIMVVSFVAFLLFFSSSLSIIISLYRHIRRMKTNMQSFSDTSCDVHVRVTETVAALFAANALYYLTLLLCAFLQNSYIWQCVIAIILSLTRAPRPIILVRANKKLEVHLRQWLHCCACITSSSDNFE*,1,0,+,"gene_id ""KH10553""; transcript_id ""KH10553.1""",xenopus_NC_030684.2:121656610-121657698-1,True,121657698,1088,7
8773,xenopus,NC_030685.2,11962879,11963847-1,MDFDRSNYSTNKPVDIAAIGEATTASVLFIALSLVGIVINMFIISVNFHSWIKGQSMNPSDLLIVSLAFSNMVFSVTDGVYTICILVIPFGDVEDQLYLLYIVMVYVLFCNSWLSACLCFYYFVKISNVKPGYLARLKSKINTLVPRLILVAQGFSILNSLFYMPVFFKENVENPTNQTQNITTYRTDDFYNVFFLLINCYIPFLVILVTTSLIIASLYKHTRRMQQNMGEVGGPSLKIHQRAARTMTSLLILYLLFYVVVLGSSLLIKNELLSWVYYLVGCTFSPIQSIILIMGNTRLKKTFVNMLNSCRKTFGEEDNVTT*,1,0,+,"gene_id ""KH8773""; transcript_id ""KH8773.1""",xenopus_NC_030685.2:11962879-11963847-1,True,11963847,968,7
1981,xenopus,NC_030685.2,11969829,11970833-1,MDGVTNHSWNNYSTDRPADSVVVKDTTISPVLLIVISVAGMLTNVFILSVNFHSWIKGQSLNPSDLLLVTLAFSNLVLPVTAGVCTIYFGFISCGVINDYQFFVQTSIMVYVLLSNSWLSACLCFFCFVKVTNFKPGYLARIKSKINTLVPRLILGAQAFSILNSIFYMVTFFTVNGENSPIPFLTNETSSTTKDSLGTFYNAFFLLNCNIPFFIIAGTTSLIIASLYKHTRRMQRNMGEFGGPGLKIHRRAARTMASFLIIYLCYHGLSQGSIIFLSRQLLYWVNFALGCAFSLTQSIVLITGNSRLGQTCRNILHRCMKILSREENISTVGT*,1,0,+,"gene_id ""KH1981""; transcript_id ""KH1981.1""",xenopus_NC_030685.2:11969829-11970833-1,True,11970833,1004,7
2138,xenopus,NC_030685.2,11974463,11975461-1,MDGVTNHSWNNYSTDRLADSVVGNDTTISPVLLIVISVVGIVINMFILSVNFHSWIKGQSLNPSDLLIVTLAFSNLVFSVTAGVWIIYFGFITYGDFKEYLSYSIMVYVLFCNSWLSTCLCFYYFVKVSNFKPGYLARLKSKINTLVPRLILGAQVFSILNSLFYMLTFFKVNNDNSTLLFLTNKASSTTNNRIDVFYNAFFLLVNCLIPFFIIVVTTSLIIASLYKHTRRMQRNVGEFGGPSLHIHHRAARTMISFLIIYLSFYVLSLGNSIFLNKHLLNWVNYMLGCAFSPTQSIVLIMGNSRLRQTCRNILKSCMKILSRETTISTVGT*,1,0,+,"gene_id ""KH2138""; transcript_id ""KH2138.1""",xenopus_NC_030685.2:11974463-11975461-1,True,11975461,998,7
1730,xenopus,NC_030685.2,11978177,11979121-1,MVVDVTTILPALFIAASIVGMLTSIFILSVNVHSLIKGQHLNPSDLLIISLAFSNMVFVVSNFAFSLCLFFTTCLVFEDQFYAEGYPVAYVLFSNAWLSACLCFFYFVKVSNFKPNYLARLKSKINTLVPRLILGAQAFSILNSLFYMLGFSEVKTGNSTLSLVTNQTSDITGYSINIYFSLFFLLMNCYIPFLIIVVTTSFIIASLYKHICHMQKNRGEFGGPNLKTYHRTALTMTLLLIFYLFFYSIILGTNFFLTTELMIWVYVTARCLFSPIQSLILIMGNSRLKKTCVNVFSSCRKMTSDGEMTPTICT*,1,0,+,"gene_id ""KH1730""; transcript_id ""KH1730.1""",xenopus_NC_030685.2:11978177-11979121-1,True,11979121,944,7
9536,xenopus,NC_030685.2,11991436,11992416--1,MIFSNSSCKYHSISIPASEKLRRKTIDLLKMLFSIKVIKMTIVVVTWLCGSILNSSIVAVYLREWKNGMSLGECDRTILTIGCNNFFLQCFLTSYEIMAIFELYGSFLKEFKVAGLIFFFFFNYITMWLTACLSICYCVKLVSFSHELLIRLKRGMSSAITLFLLGSVVLSGLINVPFIWTMDTEFLGNTTLTADNVIYKPDLKFLCFNIVIGSCVPILVTSLCIGLSVMSLRRHVQRMKNNTSQSWTPQLKSHVRACRTMSLLLILNLIFFMTFITVALGLTQFKGILIGDILYWSMIMSGPSIEAALLILGTTKLKTAFSKICF*,-1,0,-,"gene_id ""KH9536""; transcript_id ""KH9536.1""",xenopus_NC_030685.2:11991436-11992416--1,True,11992416,980,7
492,xenopus,NC_030685.2,11995137,11996027--1,MLFFINVIKITYLIVTWLCGSILNSSIVAVYLREWKNGMSLGECDRTILTMGCNNLFLQCFLTMNEVITIFELYGLFLKEFTLVGCILYFFLCYVSMWLTAWLSICYYVKLVNFSHRLLIRFKRTIPSASAPFLFGSVVGSCLINVPFIWTMDTEFLQNTTVSAENFLFKMDLRFMSFNVVIGSCVPVLVTSVCMGFSVMSLLRHVQRMKNNTSQSWNPQLQSHVRACRTMSLLMIMNLIFFLAVITVAMGLTKFNDIIARRIIYWLVVMASPSAEAIILILGNTKLKMALPKICF*,-1,0,-,"gene_id ""KH492""; transcript_id ""KH492.1""",xenopus_NC_030685.2:11995137-11996027--1,True,11996027,890,7
1261,xenopus,NC_030685.2,12008788,12009672--1,MSLTMEVIKITIIIVTWLCGSILNSSIVAVYLRDWKNGMSLGECDRTILSMGCNNLLLQGCLSVSEFINIFQLYRLFFKEFTVLGCILFLFLSYLSMWLTACLSICYCVKLANISHGLFVRLKRGISTASTLFLFGSVVASCLINVPLIWTMDTEFLENTTADNVIYKLDIKFMSFNIVFGCCVPILVTSLCIGLSVMSLLRHVQRMKNNTSPSWNPQLKSHERACRTMSLVLILNLTFSVTIITLAMGLMNHKDVLVNDILYWSVVLTNPSAAAIVLIFGNTKLKTALSKICC*,-1,0,-,"gene_id ""KH1261""; transcript_id ""KH1261.1""",xenopus_NC_030685.2:12008788-12009672--1,True,12009672,884,7
9119,xenopus,NC_030685.2,12019742,12020656-1,MDLSRILKIVFQLPQNLADMTGAFTNAYISFVILLDYFKTQTMSTSNKILLALSLSNVFLSLILFVSAVSVFWPEIYADYYVKAYIFALLLFGICSSVWNTTCLCVFYFLKIINFGSGILAFFKIKINVMVPWFIFFSEALSLGCSFITLLPSVNSPGSSSNTSLVYSLNSTSVDIASIPGFMKVTFIVAFVPLLIMLVTTFSTMGSLYLHSRRMENTGTSSSVAPHRSAVFMMAWLLLLYAVVFVALFTYFFKLFDSKSFGYWITYMLLYSFTLVQSIVLILGNPKLKEAITICCCLFATKVN*,1,0,+,"gene_id ""KH9119""; transcript_id ""KH9119.1""",xenopus_NC_030685.2:12019742-12020656-1,True,12020656,914,7
7532,xenopus,NC_030685.2,12031354,12032226--1,MLSAIQIIKTIILIITGSCGLLLNSWIVAVHLSHWKKGVSLGDCDQIILIKGVTNVLLQCLLTFNGIKYNFQLNDYFDKEFIYVTYIVFFFLVSLWNWLTAWLAICYCLRLGNIAHRFFIGLKKRISSGITQLLLGTVVVLGMISIPFFWTPHIKVKQNTTSTLVFEQDIKYHYFMIAFCVCLPTLITSLCMGLSLKSLLKHVHRMKQNHSQSWSGKMKTHARACMTIFFLLALNLFFFLMIFIGIIETNITILWEIIFWSIIMASPSGQALILLFGNSKLRSDLLKTCF*,-1,0,-,"gene_id ""KH7532""; transcript_id ""KH7532.1""",xenopus_NC_030685.2:12031354-12032226--1,True,12032226,872,7
7125,xenopus,NC_030685.2,12033009,12033881--1,MLSAIQIIKTIILIITGSCGLILNSWIVAVHLSHWKKGVSLGDCDQIILIMGVTNVLLQCLLTFSGINYNFQLNYYLNKEFMYVTYIVLFFLVSLWNWLTAWLAICYCLRLGNISHRIFMRLKKRISSGITQLLLGTVIILGMISIPLFWTTHIKAKQNTTSTFVFKQDMKYLYFISGFGCCLPTLITSLCMGLSLKSLLKHVHRMKQNHSQSWSSKMKTHARACTTIFLLMALNLSFFLTIFIGTIVTSIQNLWDIFFWSIKIVSPSGQALILLFGNSKLWSDLLKTCF*,-1,0,-,"gene_id ""KH7125""; transcript_id ""KH7125.1""",xenopus_NC_030685.2:12033009-12033881--1,True,12033881,872,7
6676,xenopus,NC_030685.2,12036883,12037755--1,MLSAIQIIKTLILIITGSCGLILNSWIVAVHLSHWKKGVSLGDCDQIILIKGVTNVLLQCLVTFNGILINFQLNDYFDKEFLYVTNIVFFFLTSLWNWLTAWLAICYCFRLGNISHRVFIGLKKRISSGITQLLLGTVVVLGMISIPYFWTTHIKAKQNTTSTSVFEQDIKYLYFMTAFCCCLPTLITSLCMGLSLKSLLKHVHRMKQNHSQSWSGKMKTHARACMTIFLLMALNLFFFLMIFISVISTNILSLWDIFFWSIIMASPSGQALILLFGNSKLRSDLLKTCF*,-1,0,-,"gene_id ""KH6676""; transcript_id ""KH6676.1""",xenopus_NC_030685.2:12036883-12037755--1,True,12037755,872,7
8946,xenopus,NC_030685.2,12040976,12041884--1,MLQSPSMLSAIQIIKTIILITTGSCGIILNSWIVAVHLSHRKKGVSLGDCDQIVLIMGVTNVLLQGLLTFSGIIENFELYEHFTKEFIFVIDMFFLFLTFLWIWLTAWLAICYCLRLVNISHRFFIGLKKRISSGITQLLLGTAVILGIINIPIFWTLNIKAKQNTTSTLPVNFIISDSDIKYMSFTAAFGCCLPTLITSLCMGLSLMSLLKHVQRMKQNHSQSWSGKMKTLARACMTIFLLMALNLFFFLTIFHIILSKFKIDSNGNTLIFCIIMASPVGQVLILLFGNSKLRSDLLKTCF*,-1,0,-,"gene_id ""KH8946""; transcript_id ""KH8946.1""",xenopus_NC_030685.2:12040976-12041884--1,True,12041884,908,7
7381,xenopus,NC_030685.2,12044560,12045450--1,MLSAIQIIRTIILIITGPCGIVLNSCIVAVHLSHWKKGVSLGDCDQIILIMGVTSVLLQCSLTFNGIADNFELYGHFDKEIVFVNDMFFLFLNFFWIWLTAWLAICYCLRLVNISHRFFIGLKKRISSGVSLLLLGTAVILGVINIPIFWTLNIKAKQNITSTLPVDFLISDSDIKYLSFTAAFGCCLPTLITSLCMGLSLMSLLKHVQKMKQNHSQSWSGKMKTHARACMTIFLLMALNLFFFLTIFSIILSKFEIENNWNTLIFCIIMASPSGQALILLFGNSKLRSDLLKTCF*,-1,0,-,"gene_id ""KH7381""; transcript_id ""KH7381.1""",xenopus_NC_030685.2:12044560-12045450--1,True,12045450,890,7
2713,xenopus,NC_030685.2,12057409,12058326-1,MDLHNFGLVFWFFLLILEVIIGTLTNAFIVVVLLLGYFKKQTMNESDKILIALSITNICSSLVSSAAIMILFMWPWIYSHSNATFCIFSLTIFGTISMVWLTACLCVFYFVKILNFSSGILLWAKMKISNFVPWLIFFSELVSLCWTFFTMLPLVTKEQSSGNISSLHSVNATSDTNTIIFELICTAVSLPLMIIIITTFSTTGSLYLHRRRMEKNLGASSSLKAHQSVVWMMIRLLLLYTLVFVVQILHFSGTVAPLSFEYCLNYFILFSIPVAQSVLLIQGNPKLKDKLKQISLVCTTADGTK*,1,0,+,"gene_id ""KH2713""; transcript_id ""KH2713.1""",xenopus_NC_030685.2:12057409-12058326-1,True,12058326,917,7
4762,xenopus,NC_030685.2,12068135,12069016--1,MLSEFHLIFVIALVLSWTCGTVLNSSIVAVYLSDWKKGLNLGACNGIILAMGCTNLLLQWFLTFHLMSLTYQLFIIFAKPLLLSVVSFIVNFSVSLSFWLTAWLSGYYCVRLVNSSNRFFIRLKRGMSMVVTYCLLGTVVTLFIIQVPVIWKVHTKLNQNLTNIYSAFDNYTELASVNATFACFLPTIITSFCIGLSLISLLKHIWRLKQNASQFWNPQLKNHFKACRTMLLLLTVNLIFFLAISISFRYKLDDPRQYVAWFIMSSNPSSQAVILLFGNSRLATAWSKVLFSH*,-1,0,-,"gene_id ""KH4762""; transcript_id ""KH4762.1""",xenopus_NC_030685.2:12068135-12069016--1,True,12069016,881,7
3240,xenopus,NC_030685.2,12071867,12072754--1,MLSELHLIFSIGLVLSWICGTVLNSSIVAVYLSDWKKGLNLGACNQIILTMGCTNLLLQSFLTFHLMFITYQFSVLLDKELLLAAVSFGLHFSISLSFWLTAWLSGYYCVKLANSSNRFFIRLKREVSTVVAYCLLGTVLTLFIAEMPVIWTTHIITDQNQTSIYCIMDDNIALVSFNFTISCLLPTIMTSFCIGLSLISLLKHVHKMKQNTSQFWNPQLKSHVKACRTMLLLLAVNLIFSLAVFISSQPTDKAEVIGVYVPWFILMSYPSAKAIILLFGNSRLATAWSKFLFSQ*,-1,0,-,"gene_id ""KH3240""; transcript_id ""KH3240.1""",xenopus_NC_030685.2:12071867-12072754--1,True,12072754,887,7
2966,xenopus,NC_030685.2,12074717,12075604--1,MLSELHLIFGIALVLSWICGTVLNSSIVAVYLSDWKKGLNLGACNQIILTMGCTNLLLQSFLTFHLMFIIYQFSVLLDKELLLAAVSFGLHFSVSLSIWLTAWLSGCYCVRLFNSSNRFFIRLKREVSTVVAYCLLGTVLTLFITEMPIIWTTHITTDQNQTSIYSMMDDNIALVLFNVAISCLLPTIITSFCIGLSLMSLLKHVHKMKQNSSKFWNPQLKSHVKACRTMLLLLAVNLIFSLTVFISSQLKDKAGVSGIYVPWFILMSNPSGKAIILLFGNSRLATAWSKFLFSQ*,-1,0,-,"gene_id ""KH2966""; transcript_id ""KH2966.1""",xenopus_NC_030685.2:12074717-12075604--1,True,12075604,887,7
6897,xenopus,NC_030685.2,12077741,12078628--1,MLSEFDLIFAVALVISWTCGTVLNSSIVAVYLSDWKKGLNLGACDQIILTMGCNNLLLQWFLTLNLIFVVYGLYSLLAKVLLVAVVSLVLNFGIAFSFWLTAWLSSYYCVKLVNFSNRFFIRLKREASGVVTYCLLGTAVILFSTRLPIIWSVQITTDQNLTRISNVLYDNIVHLSFNTIFIYFLPTIITSFCIGLSLMSLLKHVRKMKQNTSQFWNPQLKSHIKACRTMFLLLTVNLIFFLSISIFSMLFSKTEGTGQYVTRFIMLLNPSSQAIILLFGTSRLATAWSKVLFSK*,-1,0,-,"gene_id ""KH6897""; transcript_id ""KH6897.1""",xenopus_NC_030685.2:12077741-12078628--1,True,12078628,887,7
8300,xenopus,NC_030685.2,12086073,12086963--1,MLSALLLIRTVMLIVTWPCGTILNSSIIAVYLSDWKKGVKLGECDQISVSMGCTNLLLQCFITLGVAFLSYGLHLPFAGQVSAAIGAVFWFSIYLSFWLTAGLSVCYCLRLVNPLPKYFIQLKRRLSRIVTPLLLWSVAISFIMSVPMYGIVGMATDQNTTTNYYSMISNVIDVYKIFGGAFGIGLPTLITSVCILLSLISLLRHIRRMKQKPQFGSPQLKNLIGACRTMFLLMALNSFSFLIIFSSVLSPFNVETIWETVVFSCFMLNPSCEAIVLISGNSKLLRTWLKSLAPQR*,-1,0,-,"gene_id ""KH8300""; transcript_id ""KH8300.1""",xenopus_NC_030685.2:12086073-12086963--1,True,12086963,890,7
4236,xenopus,NC_030685.2,12088763,12089647--1,MLSALQLIRAVMLIVTWPCGTILNSSIIAVYLSDWKKGVKLGECDQISVSMGCTNLLLQCFVTLGVAFISYGLHLPFASKVSLAVGAVLWFSVFLSFWLTAGLSVCYCLRLVNPLPKCFIHLKRRLSRIVTPLLLWSVAISFIITVPINAIVGMATDQNITTNDHYIISSVIFMILDGAFGIGFPTLITSICILLSLISLLRHIRRMKQNPQFGNTQQKTLIGACRTMILLMALNSILFLVILRSMLPPYNVETIWQTVMFSCVMLNPSGQAVVLIFGNSKLLSAWTKTLVPQG*,-1,0,-,"gene_id ""KH4236""; transcript_id ""KH4236.1""",xenopus_NC_030685.2:12088763-12089647--1,True,12089647,884,7
8134,xenopus,NC_030685.2,12091407,12092291--1,MLSALQLIRTVMLIVTWPCGTILNSSIIAVYLSDWKKGVKLGECDQISLSMGCTNLLLQCFVTLGVAFLSYGLHLPFASKVSLAVGAVLWFIVFLSFWLTAGLSVCYCLRLVNPLPKYFIQLKRRLSSIITPLLLWSVAFLFILTVPINCMEGIATDHNTTTNYNISNTVAVYMIFDGILGIGFPTLITSICIVLSLISLLRHIRRMKQNTQFGSPQLKNLIGACRTMFLLMALNFIFFLVILRMILSPYNPETIWQTVVFSCVMLTPSGQAIVLIFGNSKLLSAWSKPVAPQG*,-1,0,-,"gene_id ""KH8134""; transcript_id ""KH8134.1""",xenopus_NC_030685.2:12091407-12092291--1,True,12092291,884,7
5935,xenopus,NC_030685.2,12094935,12095819--1,MLSALQVIRAVMLIVTWPCGTILNSSIIAVYLSDWKKGVKLGECDQISLSMGCTNLLLQCFVTLGVAFLSYGLHLPFAVQVSFTVGHIYLFFVFLSFWLTASLSTCYCLRLVNPLPKCFIQLKRRLSRIVTPLLVWSVAISSITTVPMNWTLAIATDQNITTMSYNISVNVVHLIFETAFGIGLPSIITSICILLSLISLLRHIRRMKQNPQFGSPQLKNLIRACRTMFLLMALNLLFFLVILSSALPPYSGNTLWQTVIYSCVMLTPSGQAVVLIFGNSKVLSAWSKTLVPQG*,-1,0,-,"gene_id ""KH5935""; transcript_id ""KH5935.1""",xenopus_NC_030685.2:12094935-12095819--1,True,12095819,884,7
8559,xenopus,NC_030685.2,12098827,12099711--1,MLSALQVIWTVMLIVTWPCGTILNSSIIAVYLSDWKKGVKLGECDQISLSMGCTNLLLQCFITLGVAFLSYGLHLPFALKVSLAVGNIYWFSVYLSFWLTAVLSTCYCLRLVNLSSTLFIHLKRRLSVVVTPLLLWSVAISSIISVPLNWASAIVTDQNTTMMHYNISVNVVYLILETAFGICLPSIVTSICIVLSLISLLRHIRRMKQNTQFGSPKLKNLIRACRTMFLLMALNFLFFLIIFSSMVPPYSGDTIWQTVMFSCVMLNPSGQAVVLIFGNSKLLSAWSITLVPQG*,-1,0,-,"gene_id ""KH8559""; transcript_id ""KH8559.1""",xenopus_NC_030685.2:12098827-12099711--1,True,12099711,884,7
7853,xenopus,NC_030685.2,12103921,12104787--1,MMSVVMTVILIVTWPCGTILNSSIIAVYLSDWKKGVKLGECDQISLSLGCTNILLQCFTTFGVASISYGLCFPLIEKVCLVVFTVLWFPVYLSFWLTAGLSICYCLRLVNLSPKFCIPLKRRLSHIVPPLLVWSVAISSIITVPMNWTIATDQNTTMMYYNISVNVVYLILETAFGISLPSIITSICIFLSLISLLRHIRRMKQNPQFGSPQLKNLIRACRTMFLLMALNFLFFLIIFSLMVPPYNVGTVWDMVRYSGIMLNPSGQAVVLIFGNSKLLSAWTKTLFRQ*,-1,0,-,"gene_id ""KH7853""; transcript_id ""KH7853.1""",xenopus_NC_030685.2:12103921-12104787--1,True,12104787,866,7
3864,xenopus,NC_030685.2,12109869,12110825--1,MFNHFTAITCKAKVSKYCASKARNFQKMLAAYTVIVTVILIVTWLCGTILNSSIIAVYLSDWKKGVKCGECDQITLSMGCNYLLMQCFIIFFWAFRFYGLDLPFAEKLSFAISTVFWFSVFLSFWLTASLSICYCLRLVSLSSAVFNQIKGRLSRIFIPLLLWSVAISFIFPVTRIVDIKIDQNGTFIYHENTSNVGILISAVAFNVCLPFIITSICIFLSLISLLRHIWRMKQNTQFGSPQLKNLIKACRTMFLLMALNLLFFLIICSSMLISDRMGTVWGKVVLLGNMLNPSCQAIVLIFGNSKLLGAWIKTLFPQ*,-1,0,-,"gene_id ""KH3864""; transcript_id ""KH3864.1""",xenopus_NC_030685.2:12109869-12110825--1,True,12110825,956,7
6155,xenopus,NC_030685.2,12114029,12114970--1,MLSAVAVIGIVMLIVTLLCGTILNSSIIAVYLSDWKKGVKLGECDQITLSMGCNYLLMQCFITLLETFSFYGLDLPFAEKLSFALNTVFWFSVFLSFWLPADLSICYCLRLVNLSSAVFNQLKRRLIVTPLLLWSVAISFIFPVTRIFAIQIDQNETFINHENTSNVNLGIVIPAVAFNVCLPFIITSICIALSLISLLRHIRRMKQNPQFGSPQLKNLIGACRTMFLLMALNFIFFLIICSSMLISDRIGTIWDMVVLLGEMLNPSCQAIVLIFGNSKLLGAWIDLVSSVMEQCTKIIVPYIYCDKEHYLEK*,-1,0,-,"gene_id ""KH6155""; transcript_id ""KH6155.1""",xenopus_NC_030685.2:12114029-12114970--1,True,12114970,941,7
5056,xenopus,NC_030685.2,12118216,12119103--1,MLSAVTVIKTVILIVTWPCGTILNSSIIAVYLSDWKKGVKLGECDQISLSMGCTNLLLQCLITFGAAFVSYGLYLPFAKKVFFTFYTVFLFFNSLSFWLTACLSICYCLRLVNLSPKLFIWLKRRLSRTVAPLLLWSVAISFASILPVIWISDTETDQNTTLIYYDNTSIANWSFLVTAFAFGIGLPSLITAICIVLSLISLLRHIWRMKQNPQFGSPQLKNLIRACRTMFLLMALNWLYFLIIFSSVLKSNSMDTIWDMVLLLGNVLKPSCQAIVLIFGNSKLLSAWIKTLFPQ*,-1,0,-,"gene_id ""KH5056""; transcript_id ""KH5056.1""",xenopus_NC_030685.2:12118216-12119103--1,True,12119103,887,7
1,xenopus,NC_030685.2,14045211,14046158-1,MEFMFSSVLTIIYLVENIAGLVCSVFIISVNCYCYIKGQGLNPIDQIIVCLTFYDAIFSGSNGASILCSVLLPNATSVDKILSCISIFSVLSCAWFNACLCCYFFVKICDHKLGFLAQLKRNIDPLMPRIILAIHFLPIASTLVTSLSSNGVYTANTTAPALQKSFFTYSGENVSIAFALMFINCGIPTLIVTVTTAHIIVSLCKHTRHMQENVGDAGGPNLKVLRRAAYTMICLLIFYIIACAVLIIVLLSQDQRVHYINYLMGYALPSAEGAILILGNNRLRGACLHILHKYRAKSNHGGEGVSTTGASQPAS*,1,0,+,"gene_id ""KH1""; transcript_id ""KH1.1""",xenopus_NC_030685.2:14045211-14046158-1,True,14046158,947,7
